﻿<?xml version= "1.0" encoding="UTF-8"?>
<mods xmlns:xlink="http://www.w3.org/1999/xlink" xmlns:xsi="http://www.w3.org/2001/XMLSchema-instance" xmlns="http://www.loc.gov/mods/v3" version="3.6" xsi:schemaLocation="http://www.loc.gov/mods/v3 http://www.loc.gov/standards/mods/v3/mods-3-6.xsd">
    <identifier displayLabel = "record number" type = "local">
        10005
    </identifier>
    <originInfo>
        <dateCaptured>
            08/16/1999
        </dateCaptured>
        <dateModified>
            03/08/2002
        </dateModified>
    </originInfo>
    <subject>
        <temporal point = "start">
            01/23/1863
        </temporal>
        <temporal point = "end">
            01/23/1863
        </temporal>
    </subject>
    <note type = "poggenburg date">
        23 I 63
    </note>
    <note type = "journal content">
        Avant de partir pour Bruxelles, Poulet-Malassis écrit à Bracquemond pour lui recommander de profiter de son exemple, et de ne pas faire du commerce {1}.
    </note>
    <relatedItem type = "references">
        <identifier displayLabel = "bibliographic abbreviation" type = "local">
            Pichois H
        </identifier>
        <titleInfo>
            <title>
                Autour de La Fanfarlo: Baudelaire, Balzac et Marie Daubrun
            </title>
        </titleInfo>
        <name type = "personal">
            <namePart>
                Pichois, Claude
            </namePart>
            <role>
                <roleTerm type = "text">author</roleTerm>
            </role>
        </name>
        <originInfo>
            <dateIssued>
                1956
            </dateIssued>
            <dateCaptured>
                03/07/2002
            </dateCaptured>
            <dateModified>
                03/07/2002
            </dateModified>
        </originInfo>
        <part>
            <extent unit = "pages">
                <start>
                    269
                </start>
                <end>
                    269
                </end>
            </extent>
        </part>
        <genre>
            Article
        </genre>
        <relatedItem type = "host">
            <titleInfo>
                <title>Mercure de France</title>
            </titleInfo>
            <part>
                <detail type = "volume">
                    <number>328</number>
                    <caption>volume</caption>
                </detail>
                <detail type = "number">
                    <number>1120</number>
                    <caption>number</caption>
                </detail>
                <extent unit = "page">
                    <start>
                        604
                    </start>
                    <end>
                        636
                    </end>
                </extent>
                <date>01/01/1956</date>
            </part>
        </relatedItem>
    </relatedItem>
</mods>