﻿<?xml version= "1.0" encoding="UTF-8"?>
<mods xmlns:xlink="http://www.w3.org/1999/xlink" xmlns:xsi="http://www.w3.org/2001/XMLSchema-instance" xmlns="http://www.loc.gov/mods/v3" version="3.6" xsi:schemaLocation="http://www.loc.gov/mods/v3 http://www.loc.gov/standards/mods/v3/mods-3-6.xsd">
    <identifier displayLabel = "record number" type = "local">
        10021
    </identifier>
    <originInfo>
        <dateCaptured>
            08/16/1999
        </dateCaptured>
        <dateModified>
            03/08/2002
        </dateModified>
    </originInfo>
    <subject>
        <temporal point = "start">
            03/01/1863
        </temporal>
        <temporal point = "end">
            03/31/1863
        </temporal>
    </subject>
    <note type = "poggenburg date">
        III 63
    </note>
    <note type = "journal content">
        A la Galerie Martinet, on expose La Chanteuse des rues de Manet.  Ce tableau sert d'inspiration au poème de Baudelaire: Les Promesses d'un visage {1}.
    </note>
    <relatedItem type = "references">
        <identifier displayLabel = "bibliographic abbreviation" type = "local">
            Hamilton
        </identifier>
        <titleInfo>
            <title>
                Manet and his critics
            </title>
        </titleInfo>
        <name type = "personal">
            <namePart>
                Hamilton, George Heard
            </namePart>
            <role>
                <roleTerm type = "text">author</roleTerm>
            </role>
        </name>
        <originInfo>
            <place>
                <placeTerm type = "text">New Haven CT</placeTerm>
            </place>
            <publisher>
                Yale University Press
            </publisher>
            <dateIssued>
                1954
            </dateIssued>
            <dateCaptured>
                03/07/2002
            </dateCaptured>
            <dateModified>
                03/08/2002
            </dateModified>
        </originInfo>
        <part>
            <extent unit = "pages">
                <start>
                    40
                </start>
                <end>
                    40
                </end>
            </extent>
        </part>
        <genre>
            Book
        </genre>
    </relatedItem>
</mods>