﻿<?xml version= "1.0" encoding="UTF-8"?>
<mods xmlns:xlink="http://www.w3.org/1999/xlink" xmlns:xsi="http://www.w3.org/2001/XMLSchema-instance" xmlns="http://www.loc.gov/mods/v3" version="3.6" xsi:schemaLocation="http://www.loc.gov/mods/v3 http://www.loc.gov/standards/mods/v3/mods-3-6.xsd">
    <identifier displayLabel = "record number" type = "local">
        10038
    </identifier>
    <originInfo>
        <dateCaptured>
            08/16/1999
        </dateCaptured>
        <dateModified>
            03/08/2002
        </dateModified>
    </originInfo>
    <subject>
        <temporal point = "start">
            04/11/1863
        </temporal>
        <temporal point = "end">
            04/11/1863
        </temporal>
    </subject>
    <note type = "poggenburg date">
        11 IV 63
    </note>
    <note type = "journal content">
        Baudelaire attire l'attention des frères Goncourt, pour avoir employé un mot bizarre: gamahucher {1}.
    </note>
    <relatedItem type = "references">
        <identifier displayLabel = "bibliographic abbreviation" type = "local">
            Goncourt
        </indentifier>
        <titleInfo>
            <title>
                Journal; mémoires de la vie littéraire [par] Edmond et Jules de Goncourt
            </title>
        </titleInfo>
        <name type = "personal">
            <namePart>
                Goncourt, Edmond et Jules de
            </namePart>
            <role>
                <roleTerm type = "text">author</roleTerm>
            </role>
        </name>
        <originInfo>
            <place>
                <placeTerm type = "text">Monaco</placeTerm>
            </place>
            <publisher>
                Imprimerie Nationale
            </publisher>
            <dateIssued>
                1956
            </dateIssued>
            <dateCaptured>
                03/07/2002
            </dateCaptured>
            <dateModified>
                03/08/2002
            </dateModified>
        </originInfo>
        <part>
            <extent unit = "pages">
                <start>
                    VI:54
                </start>
                <end>
                    VI:54
                </end>
            </extent>
        </part>
        <genre>
            Book
        </genre>
    </relatedItem>
</mods>