﻿<?xml version= "1.0" encoding="UTF-8"?>
<mods xmlns:xlink="http://www.w3.org/1999/xlink" xmlns:xsi="http://www.w3.org/2001/XMLSchema-instance" xmlns="http://www.loc.gov/mods/v3" version="3.6" xsi:schemaLocation="http://www.loc.gov/mods/v3 http://www.loc.gov/standards/mods/v3/mods-3-6.xsd">
    <identifier displayLabel = "record number" type = "local">
        10044
    </identifier>
    <originInfo>
        <dateCaptured>
            08/16/1999
        </dateCaptured>
        <dateModified>
            03/08/2002
        </dateModified>
    </originInfo>
    <subject>
        <temporal point = "start">
            01/15/1863
        </temporal>
        <temporal point = "end">
            01/15/1863
        </temporal>
    </subject>
    <note type = "poggenburg date">
        1er trimestre 63
    </note>
    <note type = "journal content">
        Dans la Bibliographie catholique, le chanoine V. Maynard appelle les Fleurs du mal ed. de 1861 un "livre putride" {1}.
    </note>
    <relatedItem type = "references">
        <identifier displayLabel = "bibliographic abbreviation" type = "local">
            Flavien C
        </indentifier>
        <titleInfo>
            <title>
                La Critique catholique et les Fleurs du Mal
            </title>
        </titleInfo>
        <name type = "personal">
            <namePart>
                Flavien, Jean
            </namePart>
            <role>
                <roleTerm type = "text">author</roleTerm>
            </role>
        </name>
        <originInfo>
            <dateIssued>
                1971
            </dateIssued>
            <dateCaptured>
                03/07/2002
            </dateCaptured>
            <dateModified>
                03/08/2002
            </dateModified>
        </originInfo>
        <genre>
            Article
        </genre>
        <relatedItem type = "host">
            <titleInfo>
                <title>Le Cramérien<title>
            </titleInfo>
            <part>
                <detail type = "volume">
                    <number>2</number>
                    <caption>volume</caption>
                </detail>
                <detail type = "issue">
                    <number>4 and 5</number>
                    <caption>issue</caption>
                </detail>
                <extent unit = "page">
                    <start>
                        5
                    </start>
                    <end>
                        7
                    </end>
                </extent>
                <date>07/31/1971</date>
            </part>
        </relatedItem>
    </relatedItem>
</mods>