﻿<?xml version= "1.0" encoding="UTF-8"?>
<mods xmlns:xlink="http://www.w3.org/1999/xlink" xmlns:xsi="http://www.w3.org/2001/XMLSchema-instance" xmlns="http://www.loc.gov/mods/v3" version="3.6" xsi:schemaLocation="http://www.loc.gov/mods/v3 http://www.loc.gov/standards/mods/v3/mods-3-6.xsd">
    <identifier displayLabel = "record number" type = "local">
        10051
    </identifier>
    <originInfo>
        <dateCaptured>
            08/16/1999
        </dateCaptured>
        <dateModified>
            03/08/2002
        </dateModified>
    </originInfo>
    <subject>
        <temporal point = "start">
            05/20/1863
        </temporal>
        <temporal point = "end">
            05/20/1863
        </temporal>
    </subject>
    <note type = "poggenburg date">
        20 V  63?
    </note>
    <note type = "journal content">
        De Londres, Whistler écrit à Fantin-Latour. Il lui demande des nouvelles et de lui et de ce que disent les journaux à propos de son tableau: La Fille blanche. Il envoie ses compliments à Baudelaire, et le remercie de la sympathie  qu'il a exprimée pour ce tableau. Il espère enfin rencontrer Baudelaire pendant sa prochaine visite.  Il en profitera pour lui offrir quelques-unes de ses meilleures épreuves d'eaux-fortes.  Il trouve que Baudelaire dans le passé a parlé avec justesse de ses ouvrages {1}.
    </note>
    <note type = "researcher notes">
        Date uncertain
    </note>
    <relatedItem type = "references">
        <identifier displayLabel = "bibliographic abbreviation" type = "local">
            BAAJD
        </identifier>
        <titleInfo>
            <title>
                Bibliothèque d'Art et Archéologie, Jacques Doucet
            </title>
        </titleInfo>
        <name type = "personal">
            <namePart>
                ***
            </namePart>
            <role>
                <roleTerm type = "text">author</roleTerm>
            </role>
        </name>
        <originInfo>
            <dateIssued>
                ***
            </dateIssued>
            <dateCaptured>
                03/07/2002
            </dateCaptured>
            <dateModified>
                03/07/2002
            </dateModified>
        </originInfo>
        <genre>
            Catalog
        </genre>
        <note type = "source note">
            TITLE?
        </note>
    </relatedItem>
</mods>