﻿<?xml version= "1.0" encoding="UTF-8"?>
<mods xmlns:xlink="http://www.w3.org/1999/xlink" xmlns:xsi="http://www.w3.org/2001/XMLSchema-instance" xmlns="http://www.loc.gov/mods/v3" version="3.6" xsi:schemaLocation="http://www.loc.gov/mods/v3 http://www.loc.gov/standards/mods/v3/mods-3-6.xsd">
    <identifier displayLabel = "record number" type = "local">
        10053
    </identifier>
    <originInfo>
        <dateCaptured>
            08/16/1999
        </dateCaptured>
        <dateModified>
            03/08/2002
        </dateModified>
    </originInfo>
    <subject>
        <temporal point = "start">
            05/24/1863
        </temporal>
        <temporal point = "end">
            05/24/1863
        </temporal>
    </subject>
    <note type = "poggenburg date">
        24 V 63
    </note>
    <note type = "journal content">
        Poulet-Malassis sort de prison {1}.  Dans Figaro, Monselet, signant "Monsieur de Cupidon", parle du Déjeuner sur l'herbe (appelé ici Le Bain).  Il décrit le peintre comme l'épigone de Goya et de Baudelaire.  Manet vient de se voir refuser ses tableaux par le jury du Salon {2}. Le Boulevard annonce la présence de Rops à Paris depuis huit jours {3}.
    </note>
    <relatedItem type = "references">
        <identifier displayLabel = "bibliographic abbreviation" type = "local">
            Pelpel
        </identifier>
        <titleInfo>
            <title>
                Chronique
            </title>
        </titleInfo>
        <name type = "personal">
            <namePart>
                Pelpel, Jules
            </namePart>
            <role>
                <roleTerm type = "text">author</roleTerm>
            </role>
        </name>
        <originInfo>
            <dateIssued>
                1863
            </dateIssued>
            <dateCaptured>
                03/07/2002
            </dateCaptured>
            <dateModified>
                03/07/2002
            </dateModified>
        </originInfo>
        <genre>
            Article
        </genre>
        <relatedItem type = "host">
            <titleInfo>
                <title>Diogène</title>
            </titleInfo>
            <part>
                <detail type = "issue">
                    <number>10 mai 1863</number>
                    <caption>issue</caption>
                </detail>
                <date>05/10/1863</date>
            </part>
        </relatedItem>
        <note type = "source note">
            PAGES?
        </note>
    </relatedItem>
    <relatedItem type = "references">
        <identifier displayLabel = "bibliographic abbreviation" type = "local">
            T
        </identifier>
        <titleInfo>
            <title>
                Texte vu
            </title>
        </titleInfo>
        <name type = "personal">
            <namePart>
                ***
            </namePart>
            <role>
                <roleTerm type = "text">author</roleTerm>
            </role>
        </name>
        <originInfo>
            <dateIssued>
                ***
            </dateIssued>
            <dateCaptured>
                03/07/2002
            </dateCaptured>
            <dateModified>
                03/07/2002
            </dateModified>
        </originInfo>
        <genre>
            Other
        </genre>
        <note type = "source note">
            TITLE?
        </note>
    </relatedItem>
    <relatedItem type = "references">
        <identifier displayLabel = "bibliographic abbreviation" type = "local">
            T
        </identifier>
        <titleInfo>
            <title>
                Texte vu
            </title>
        </titleInfo>
        <name type = "personal">
            <namePart>
                ***
            </namePart>
            <role>
                <roleTerm type = "text">author</roleTerm>
            </role>
        </name>
        <originInfo>
            <dateIssued>
                ***
            </dateIssued>
            <dateCaptured>
                03/07/2002
            </dateCaptured>
            <dateModified>
                03/07/2002
            </dateModified>
        </originInfo>
        <genre>
            Other
        </genre>
        <note type = "source note">
            TITLE?
        </note>
    </relatedItem>
</mods>