﻿<?xml version= "1.0" encoding="UTF-8"?>
<mods xmlns:xlink="http://www.w3.org/1999/xlink" xmlns:xsi="http://www.w3.org/2001/XMLSchema-instance" xmlns="http://www.loc.gov/mods/v3" version="3.6" xsi:schemaLocation="http://www.loc.gov/mods/v3 http://www.loc.gov/standards/mods/v3/mods-3-6.xsd">
    <identifier displayLabel = "record number" type = "local">
        10056
    </identifier>
    <originInfo>
        <dateCaptured>
            08/16/1999
        </dateCaptured>
        <dateModified>
            03/08/2002
        </dateModified>
    </originInfo>
    <subject>
        <temporal point = "start">
            05/28/1863
        </temporal>
        <temporal point = "end">
            05/31/1863
        </temporal>
    </subject>
    <note type = "poggenburg date">
        fin V ou début VI 63 
    </note>
    <note type = "journal content">
        Baudelaire propose à Ancelle l'idée d'échanger avec quelqu'un une somme de plusieurs milliers de francs contre l'autorisation de toucher ses droits d'auteur.  Ceux-ci ne sont payés qu'en petites sommes à des intervalles de plusieurs mois.  Ancelle rejette cette suggestion, trouvant que Baudelaire y perdrait en payant d'avance un intérêt de cette façon.  Baudelaire trouve que ce conseil  serait bon pour un auteur riche, qui peut attendre pour avoir de l'argent mais non pour lui, qui est pressé.  A la demande de Namslauer, un banquier que Baudelaire a découvert,  Baudelaire établit le compte de tous ses revenus littéraires, attestés par ses libraires.  Namslauer accepte de discuter avec Baudelaire un arrangement--assez bon, selon Baudelaire - selon lequel il recevrait de 10.000 à 20.000 francs pour ses droits d'auteur.  Il énumère les valeurs sur lesquelles il désirerait faire des emprunts: ses contrats avec Lévy (pour cinq volumes de traductions d'Edgar Allan Poe--Histoires extraordinaires, Nouvelles Histoires extraordinaires, Aventures d'Arthur Gordon Pym et, à paraître, Eureka et Histoires grotesques et serieuses); avec Hetzel (une 3ème édition des Fleurs du mal ed. de 1857 et, encore inachevé, Spleen de Paris) {1}.
    </note>
    <relatedItem type = "references">
        <identifier displayLabel = "bibliographic abbreviation" type = "local">
            CPl II
        </identifier>
        <titleInfo>
            <title>
                Correspondance: Tome II (mars 1860-mars 1866). Texte établi, présenté et annoté par Claude Pichois avec la collaboration de Jean Ziegler
            </title>
        </titleInfo>
        <name type = "personal">
            <namePart>
                Baudelaire, Charles
            </namePart>
            <role>
                <roleTerm type = "text">author</roleTerm>
            </role>
        </name>
        <name type = "personal">
            <namePart>
                Pichois, Claude
            </namePart>
            <role>
                <roleTerm type = "text">editor</roleTerm>
            </role>
        </name>
        <name type = "personal">
            <namePart>
                Ziegler, Jean
            </namePart>
            <role>
                <roleTerm type = "text">editor</roleTerm>
            </role>
        </name>
        <name type = "personal">
            <namePart>
                Ziegler, Jean
            </namePart>
            <role>
                <roleTerm type = "text">editor</roleTerm>
            </role>
        </name>
        <originInfo>
            <place>
                <placeTerm type = "text">Paris</placeTerm>
            </place>
            <publisher>
                Gallimard
            </publisher>
            <dateIssued>
                1973
            </dateIssued>
            <dateCaptured>
                03/07/2002
            </dateCaptured>
            <dateModified>
                03/07/2002
            </dateModified>
        </originInfo>
        <part>
            <extent unit = "pages">
                <start>
                    299
                </start>
                <end>
                    299
                </end>
            </extent>
        </part>
        <genre>
            Book
        </genre>
        <relatedItem type = "series">
            <titleInfo>
                <title>
                    Bibliothèque de la Pléiade
                </title>
            </titleInfo>
        </relatedItem>
    </relatedItem>
</mods>