﻿<?xml version= "1.0" encoding="UTF-8"?>
<mods xmlns:xlink="http://www.w3.org/1999/xlink" xmlns:xsi="http://www.w3.org/2001/XMLSchema-instance" xmlns="http://www.loc.gov/mods/v3" version="3.6" xsi:schemaLocation="http://www.loc.gov/mods/v3 http://www.loc.gov/standards/mods/v3/mods-3-6.xsd">
    <identifier displayLabel = "record number" type = "local">
        10075
    </identifier>
    <originInfo>
        <dateCaptured>
            08/16/1999
        </dateCaptured>
        <dateModified>
            03/08/2002
        </dateModified>
    </originInfo>
    <subject>
        <temporal point = "start">
            07/19/1863
        </temporal>
        <temporal point = "end">
            07/19/1863
        </temporal>
    </subject>
    <note type = "poggenburg date">
        19 VII 63
    </note>
    <note type = "journal content">
        Dans le Journal des baigneurs (Dieppe), Charles Coligny se demande ce qu'est devenue l'oeuvre promise par Flaubert, La Tentation de Saint-Antoine.  Il cite  l'étude de Baudelaire, à propos de Madame Bovary, disant que le poète a voulu "faire école de lycanthropie comme Flaubert école d'immoralité archéologique".  Il voit en Baudelaire un élève de Pétrus Borel.  Coligny trouve que les  opinions de Baudelaire sont trop choquantes pour sa "belle lectrice  française" {1}.
    </note>
    <relatedItem type = "references">
        <identifier displayLabel = "bibliographic abbreviation" type = "local">
            T
        </indentifier>
        <titleInfo>
            <title>
                Texte vu
            </title>
        </titleInfo>
        <name type = "personal">
            <namePart>
                ***
            </namePart>
            <role>
                <roleTerm type = "text">author</roleTerm>
            </role>
        </name>
        <originInfo>
            <dateIssued>
                ***
            </dateIssued>
            <dateCaptured>
                03/07/2002
            </dateCaptured>
            <dateModified>
                03/07/2002
            </dateModified>
        </originInfo>
        <genre>
            Other
        </genre>
        <note type = "source note">
            TITLE?
        </note>
    </relatedItem>
</mods>