﻿<?xml version= "1.0" encoding="UTF-8"?>
<mods xmlns:xlink="http://www.w3.org/1999/xlink" xmlns:xsi="http://www.w3.org/2001/XMLSchema-instance" xmlns="http://www.loc.gov/mods/v3" version="3.6" xsi:schemaLocation="http://www.loc.gov/mods/v3 http://www.loc.gov/standards/mods/v3/mods-3-6.xsd">
    <identifier displayLabel = "record number" type = "local">
        10098
    </identifier>
    <originInfo>
        <dateCaptured>
            08/16/1999
        </dateCaptured>
        <dateModified>
            03/08/2002
        </dateModified>
    </originInfo>
    <subject>
        <temporal point = "start">
            08/28/1863
        </temporal>
        <temporal point = "end">
            08/28/1863
        </temporal>
    </subject>
    <note type = "poggenburg date">
        fin VIII 63
    </note>
    <note type = "journal content">
        Baudelaire voit Poulet-Malassis, à qui il voudrait demander de lui trouver le programme de la peinture de Delacroix: Apollon vainqueur du serpent Python, ainsi que la liste des travaux littéraires de Delacroix qui ont paru dans la Revue des deux mondes et dans l'Artiste  des années 1831-1839, au moment où cette revue était dirigée par Achille Ricourt.  Mais les "voltiges (inutiles)" [sans doute causées par une fixation sur ses difficultés financières] de Poulet-Malassis ont empêché Baudelaire de lui poser ces questions.  Il les pose donc par écrit, invitant Poulet-Malassis à joindre ses propres réflexions à ces renseignements, pour l'aider à rédiger  son article sur Delacroix.  Baudelaire voudrait aussi que son éditeur conclue négocie en  son nom un accord avec Vervoort, à Bruxelles, sur les conférences à  y donner {1}.
    </note>
    <relatedItem type = "references">
        <identifier displayLabel = "bibliographic abbreviation" type = "local">
            CPl II
        </identifier>
        <titleInfo>
            <title>
                Correspondance: Tome II (mars 1860-mars 1866). Texte établi, présenté et annoté par Claude Pichois avec la collaboration de Jean Ziegler
            </title>
        </titleInfo>
        <name type = "personal">
            <namePart>
                Baudelaire, Charles
            </namePart>
            <role>
                <roleTerm type = "text">author</roleTerm>
            </role>
        </name>
        <name type = "personal">
            <namePart>
                Pichois, Claude
            </namePart>
            <role>
                <roleTerm type = "text">editor</roleTerm>
            </role>
        </name>
        <name type = "personal">
            <namePart>
                Ziegler, Jean
            </namePart>
            <role>
                <roleTerm type = "text">editor</roleTerm>
            </role>
        </name>
        <name type = "personal">
            <namePart>
                Ziegler, Jean
            </namePart>
            <role>
                <roleTerm type = "text">editor</roleTerm>
            </role>
        </name>
        <originInfo>
            <place>
                <placeTerm type = "text">Paris</placeTerm>
            </place>
            <publisher>
                Gallimard
            </publisher>
            <dateIssued>
                1973
            </dateIssued>
            <dateCaptured>
                03/07/2002
            </dateCaptured>
            <dateModified>
                03/07/2002
            </dateModified>
        </originInfo>
        <part>
            <extent unit = "pages">
                <start>
                    315
                </start>
                <end>
                    315
                </end>
            </extent>
        </part>
        <genre>
            Book
        </genre>
        <relatedItem type = "series">
            <titleInfo>
                <title>
                    Bibliothèque de la Pléiade
                </title>
            </titleInfo>
        </relatedItem>
    </relatedItem>
</mods>