﻿<?xml version= "1.0" encoding="UTF-8"?>
<mods xmlns:xlink="http://www.w3.org/1999/xlink" xmlns:xsi="http://www.w3.org/2001/XMLSchema-instance" xmlns="http://www.loc.gov/mods/v3" version="3.6" xsi:schemaLocation="http://www.loc.gov/mods/v3 http://www.loc.gov/standards/mods/v3/mods-3-6.xsd">
    <identifier displayLabel = "record number" type = "local">
        10100
    </identifier>
    <originInfo>
        <dateCaptured>
            08/16/1999
        </dateCaptured>
        <dateModified>
            03/08/2002
        </dateModified>
    </originInfo>
    <subject>
        <temporal point = "start">
            08/31/1863
        </temporal>
        <temporal point = "end">
            08/31/1863
        </temporal>
    </subject>
    <note type = "poggenburg date">
        31 VIII 63
    </note>
    <note type = "journal content">
        En lui écrivant des bureaux de l'Opinion nationale, Baudelaire fait savoir à sa mère qu'il la recevra à Paris avec joie mais qu'elle le trouvera toujours triste, inquiet et grognon.  Il ne peut pas lui rendre d'argent mais compte qu'une douzaine de conférences à Bruxelles lui rapporteront 200 francs chacune et que cela lui permettra de la rembourser.  Son départ à Bruxelles est remis parce qu'il n'a pas pu s'entendre avec l'Indépendance belge.  Baudelaire annonce à sa mère qu'il a réussi à bien travailler récemment [à son article nécrologique sur Delacroix] {1}.
    </note>
    <relatedItem type = "references">
        <identifier displayLabel = "bibliographic abbreviation" type = "local">
            CPl II
        </identifier>
        <titleInfo>
            <title>
                Correspondance: Tome II (mars 1860-mars 1866). Texte établi, présenté et annoté par Claude Pichois avec la collaboration de Jean Ziegler
            </title>
        </titleInfo>
        <name type = "personal">
            <namePart>
                Baudelaire, Charles
            </namePart>
            <role>
                <roleTerm type = "text">author</roleTerm>
            </role>
        </name>
        <name type = "personal">
            <namePart>
                Pichois, Claude
            </namePart>
            <role>
                <roleTerm type = "text">editor</roleTerm>
            </role>
        </name>
        <name type = "personal">
            <namePart>
                Ziegler, Jean
            </namePart>
            <role>
                <roleTerm type = "text">editor</roleTerm>
            </role>
        </name>
        <name type = "personal">
            <namePart>
                Ziegler, Jean
            </namePart>
            <role>
                <roleTerm type = "text">editor</roleTerm>
            </role>
        </name>
        <originInfo>
            <place>
                <placeTerm type = "text">Paris</placeTerm>
            </place>
            <publisher>
                Gallimard
            </publisher>
            <dateIssued>
                1973
            </dateIssued>
            <dateCaptured>
                03/07/2002
            </dateCaptured>
            <dateModified>
                03/07/2002
            </dateModified>
        </originInfo>
        <part>
            <extent unit = "pages">
                <start>
                    316
                </start>
                <end>
                    316
                </end>
            </extent>
        </part>
        <genre>
            Book
        </genre>
        <relatedItem type = "series">
            <titleInfo>
                <title>
                    Bibliothèque de la Pléiade
                </title>
            </titleInfo>
        </relatedItem>
    </relatedItem>
</mods>