﻿<?xml version= "1.0" encoding="UTF-8"?>
<mods xmlns:xlink="http://www.w3.org/1999/xlink" xmlns:xsi="http://www.w3.org/2001/XMLSchema-instance" xmlns="http://www.loc.gov/mods/v3" version="3.6" xsi:schemaLocation="http://www.loc.gov/mods/v3 http://www.loc.gov/standards/mods/v3/mods-3-6.xsd">
    <identifier displayLabel = "record number" type = "local">
        10115
    </identifier>
    <originInfo>
        <dateCaptured>
            08/16/1999
        </dateCaptured>
        <dateModified>
            03/08/2002
        </dateModified>
    </originInfo>
    <subject>
        <temporal point = "start">
            09/16/1863
        </temporal>
        <temporal point = "end">
            09/16/1863
        </temporal>
    </subject>
    <note type = "poggenburg date">
        16 IX 63
    </note>
    <note type = "journal content">
        Date du feuillet 100 du Carnet. S'y trouvent les indications suivantes: Guéroult 19h; Arondel; Babinet; Marcelin; Laumonier; Delacroix [article sur]; Ameublement [Philosophie d']; Arnheim [Domaine d']; Landor [Cottage]; M. Roget [Mystère de]. Baudelaire essaye de calculer pour chacun de ces titres ou noms de personnes le nombre d'heures de travail nécessaire. Pour écrire les poèmes en prose envisagés, il compte un total de 12 heures. Il a l'intention de rédiger pour Michel Lévy une note relative à l'aliénation de ses droits d'auteur, à ses préfaces (compte de Calmann), et à l'argent qu'il redoit à Lévy {1}.
    </note>
    <relatedItem type = "references">
        <identifier displayLabel = "bibliographic abbreviation" type = "local">
            OCPl I
        </identifier>
        <titleInfo>
            <title>
                Oeuvres complètes. Texte établi, présenté et annoté par Claude Pichois: Tome I
            </title>
        </titleInfo>
        <name type = "personal">
            <namePart>
                Baudelaire, Charles
            </namePart>
            <role>
                <roleTerm type = "text">author</roleTerm>
            </role>
        </name>
        <name type = "personal">
            <namePart>
                Pichois, Claude
            </namePart>
            <role>
                <roleTerm type = "text">editor</roleTerm>
            </role>
        </name>
        <originInfo>
            <place>
                <placeTerm type = "text">Paris</placeTerm>
            </place>
            <publisher>
                Gallimard
            </publisher>
            <dateIssued>
                1975
            </dateIssued>
            <dateCaptured>
                03/07/2002
            </dateCaptured>
            <dateModified>
                03/07/2002
            </dateModified>
        </originInfo>
        <part>
            <extent unit = "pages">
                <start>
                    769
                </start>
                <end>
                    769
                </end>
            </extent>
        </part>
        <genre>
            Book
        </genre>
        <relatedItem type = "series">
            <titleInfo>
                <title>
                    Bibliothèque de la Pléiade
                </title>
            </titleInfo>
        </relatedItem>
    </relatedItem>
</mods>