﻿<?xml version= "1.0" encoding="UTF-8"?>
<mods xmlns:xlink="http://www.w3.org/1999/xlink" xmlns:xsi="http://www.w3.org/2001/XMLSchema-instance" xmlns="http://www.loc.gov/mods/v3" version="3.6" xsi:schemaLocation="http://www.loc.gov/mods/v3 http://www.loc.gov/standards/mods/v3/mods-3-6.xsd">
    <identifier displayLabel = "record number" type = "local">
        10131
    </identifier>
    <originInfo>
        <dateCaptured>
            08/16/1999
        </dateCaptured>
        <dateModified>
            03/08/2002
        </dateModified>
    </originInfo>
    <subject>
        <temporal point = "start">
            10/16/1863
        </temporal>
        <temporal point = "end">
            10/16/1863
        </temporal>
    </subject>
    <note type = "poggenburg date">
        16 X 63
    </note>
    <note type = "journal content">
        Théophile Gautier écrit à Poulet-Malassis à Bruxelles; il voudrait empêcher la publication dans Le Parnasse satyrique du XIXe siècle de quelques-unes de ses poésies trop libertines {1}.
    </note>
    <relatedItem type = "references">
        <identifier displayLabel = "bibliographic abbreviation" type = "local">
            Dufay C
        </indentifier>
        <titleInfo>
            <title>
                Autour de Baudelaire: Poulet-Malassis, l'éditeur et l'ami; Madame Sabatier, la muse et la madone
            </title>
        </titleInfo>
        <name type = "personal">
            <namePart>
                Dufay, Pierre
            </namePart>
            <role>
                <roleTerm type = "text">author</roleTerm>
            </role>
        </name>
        <originInfo>
            <place>
                <placeTerm type = "text">Paris</placeTerm>
            </place>
            <publisher>
                Cabinet du Livre
            </publisher>
            <dateIssued>
                1931
            </dateIssued>
            <dateCaptured>
                03/07/2002
            </dateCaptured>
            <dateModified>
                03/08/2002
            </dateModified>
        </originInfo>
        <part>
            <extent unit = "pages">
                <start>
                    104
                </start>
                <end>
                    104
                </end>
            </extent>
        </part>
        <genre>
            Book
        </genre>
    </relatedItem>
</mods>