﻿<?xml version= "1.0" encoding="UTF-8"?>
<mods xmlns:xlink="http://www.w3.org/1999/xlink" xmlns:xsi="http://www.w3.org/2001/XMLSchema-instance" xmlns="http://www.loc.gov/mods/v3" version="3.6" xsi:schemaLocation="http://www.loc.gov/mods/v3 http://www.loc.gov/standards/mods/v3/mods-3-6.xsd">
    <identifier displayLabel = "record number" type = "local">
        10140
    </identifier>
    <originInfo>
        <dateCaptured>
            08/16/1999
        </dateCaptured>
        <dateModified>
            03/08/2002
        </dateModified>
    </originInfo>
    <subject>
        <temporal point = "start">
            11/03/1863
        </temporal>
        <temporal point = "end">
            11/03/1863
        </temporal>
    </subject>
    <note type = "poggenburg date">
        env 3 XI 63
    </note>
    <note type = "journal content">
        Baudelaire envoie à une dame de ses amies des vers "sans papillon".  Celle-ci, pour prouver que sa sensibilité correspond à la sienne, lui offre "des fleurs sans vers", en l'invitant à en porter une le soir à sa boutonnière.  Baudelaire compose un quatrain: "Je vis, et ton bouquet..." et le transcrit sur la lettre même. Il répond ainsi à l'idée exprimée par l'inspiratrice de ces vers, que ...toujours la Nature embellit la Beauté. Pour Baudelaire, ce vers d'Emile de Planard, exprime une idée erronée {1}.
    </note>
    <relatedItem type = "references">
        <identifier displayLabel = "bibliographic abbreviation" type = "local">
            OCPl I
        </identifier>
        <titleInfo>
            <title>
                Oeuvres complètes. Texte établi, présenté et annoté par Claude Pichois: Tome I
            </title>
        </titleInfo>
        <name type = "personal">
            <namePart>
                Baudelaire, Charles
            </namePart>
            <role>
                <roleTerm type = "text">author</roleTerm>
            </role>
        </name>
        <name type = "personal">
            <namePart>
                Pichois, Claude
            </namePart>
            <role>
                <roleTerm type = "text">editor</roleTerm>
            </role>
        </name>
        <originInfo>
            <place>
                <placeTerm type = "text">Paris</placeTerm>
            </place>
            <publisher>
                Gallimard
            </publisher>
            <dateIssued>
                1975
            </dateIssued>
            <dateCaptured>
                03/07/2002
            </dateCaptured>
            <dateModified>
                03/07/2002
            </dateModified>
        </originInfo>
        <part>
            <extent unit = "pages">
                <start>
                    1240
                </start>
                <end>
                    1240
                </end>
            </extent>
        </part>
        <genre>
            Book
        </genre>
        <relatedItem type = "series">
            <titleInfo>
                <title>
                    Bibliothèque de la Pléiade
                </title>
            </titleInfo>
        </relatedItem>
    </relatedItem>
</mods>