﻿<?xml version= "1.0" encoding="UTF-8"?>
<mods xmlns:xlink="http://www.w3.org/1999/xlink" xmlns:xsi="http://www.w3.org/2001/XMLSchema-instance" xmlns="http://www.loc.gov/mods/v3" version="3.6" xsi:schemaLocation="http://www.loc.gov/mods/v3 http://www.loc.gov/standards/mods/v3/mods-3-6.xsd">
    <identifier displayLabel = "record number" type = "local">
        10145
    </identifier>
    <originInfo>
        <dateCaptured>
            08/16/1999
        </dateCaptured>
        <dateModified>
            03/08/2002
        </dateModified>
    </originInfo>
    <subject>
        <temporal point = "start">
            11/12/1863
        </temporal>
        <temporal point = "end">
            11/12/1863
        </temporal>
    </subject>
    <note type = "poggenburg date">
        12 XI 63
    </note>
    <note type = "journal content">
        Baudelaire écrit à Gustave Bourdin, du Figaro, pour lui demander d'envoyer la majeure partie des épreuves de son étude sur Guys; il voudrait les relire à son aise. Baudelaire prie Bourdin d'annoncer  cette étude dans le journal, en guise de réclame, dans le numéro précédant la publication. Baudelaire tient à ce qu'on garde le secret de l'identité de Guys, comme le veut cet artiste lui-même.  Baudelaire est toujours en train d'établir le texte des Histoires grotesques et serieuses et, sans doute, de corriger les épreuves d'Eureka {1}.   Raymond Matigny, écrivant à  Arondel, prétend être en relations avec un ami [peut-être Pellerin] lié depuis le  collège avec Baudelaire.  Il informe Arondel que cet "ami" s'engage à forcer Baudelaire de payer ce qu'il doit "par une pression immanquable" {2}. Paul de Cassagnac, dans Diogène, appelle Baudelaire "l'égoutier du Parnasse" {3}.
    </note>
    <relatedItem type = "references">
        <identifier displayLabel = "bibliographic abbreviation" type = "local">
            CPl II
        </indentifier>
        <titleInfo>
            <title>
                Correspondance: Tome II (mars 1860-mars 1866). Texte établi, présenté et annoté par Claude Pichois avec la collaboration de Jean Ziegler
            </title>
        </titleInfo>
        <name type = "personal">
            <namePart>
                Baudelaire, Charles
            </namePart>
            <role>
                <roleTerm type = "text">author</roleTerm>
            </role>
        </name>
        <name type = "personal">
            <namePart>
                Pichois, Claude
            </namePart>
            <role>
                <roleTerm type = "text">editor</roleTerm>
            </role>
        </name>
        <name type = "personal">
            <namePart>
                Ziegler, Jean
            </namePart>
            <role>
                <roleTerm type = "text">editor</roleTerm>
            </role>
        </name>
        <name type = "personal">
            <namePart>
                Ziegler, Jean
            </namePart>
            <role>
                <roleTerm type = "text">editor</roleTerm>
            </role>
        </name>
        <originInfo>
            <place>
                <placeTerm type = "text">Paris</placeTerm>
            </place>
            <publisher>
                Gallimard
            </publisher>
            <dateIssued>
                1973
            </dateIssued>
            <dateCaptured>
                03/07/2002
            </dateCaptured>
            <dateModified>
                03/07/2002
            </dateModified>
        </originInfo>
        <part>
            <extent unit = "pages">
                <start>
                    330, 831
                </start>
                <end>
                    330, 831
                </end>
            </extent>
        </part>
        <genre>
            Book
        </genre>
        <relatedItem type = "series">
            <titleInfo>
                <title>
                    Bibliothèque de la Pléiade
                </title>
            </titleInfo>
        </relatedItem>
    </relatedItem>
    <relatedItem type = "references">
        <identifier displayLabel = "bibliographic abbreviation" type = "local">
            CPl II
        </indentifier>
        <titleInfo>
            <title>
                Correspondance: Tome II (mars 1860-mars 1866). Texte établi, présenté et annoté par Claude Pichois avec la collaboration de Jean Ziegler
            </title>
        </titleInfo>
        <name type = "personal">
            <namePart>
                Baudelaire, Charles
            </namePart>
            <role>
                <roleTerm type = "text">author</roleTerm>
            </role>
        </name>
        <name type = "personal">
            <namePart>
                Pichois, Claude
            </namePart>
            <role>
                <roleTerm type = "text">editor</roleTerm>
            </role>
        </name>
        <name type = "personal">
            <namePart>
                Ziegler, Jean
            </namePart>
            <role>
                <roleTerm type = "text">editor</roleTerm>
            </role>
        </name>
        <name type = "personal">
            <namePart>
                Ziegler, Jean
            </namePart>
            <role>
                <roleTerm type = "text">editor</roleTerm>
            </role>
        </name>
        <originInfo>
            <place>
                <placeTerm type = "text">Paris</placeTerm>
            </place>
            <publisher>
                Gallimard
            </publisher>
            <dateIssued>
                1973
            </dateIssued>
            <dateCaptured>
                03/07/2002
            </dateCaptured>
            <dateModified>
                03/07/2002
            </dateModified>
        </originInfo>
        <part>
            <extent unit = "pages">
                <start>
                    840
                </start>
                <end>
                    840
                </end>
            </extent>
        </part>
        <genre>
            Book
        </genre>
        <relatedItem type = "series">
            <titleInfo>
                <title>
                    Bibliothèque de la Pléiade
                </title>
            </titleInfo>
        </relatedItem>
    </relatedItem>
    <relatedItem type = "references">
        <identifier displayLabel = "bibliographic abbreviation" type = "local">
            Badesco B
        </indentifier>
        <titleInfo>
            <title>
                Le Génération poétique de 1860, la jeunesse des deux rives, milieux d'avant-garde et mouvements littéraires, les oeuvres et les hommes
            </title>
        </titleInfo>
        <name type = "personal">
            <namePart>
                Badesco, Luc
            </namePart>
            <role>
                <roleTerm type = "text">author</roleTerm>
            </role>
        </name>
        <name type = "personal">
            <namePart>
                Nizet, A.-G.
            </namePart>
            <role>
                <roleTerm type = "text">editor</roleTerm>
            </role>
        </name>
        <originInfo>
            <place>
                <placeTerm type = "text">Paris</placeTerm>
            </place>
            <publisher>
                A.-G. Nizet
            </publisher>
            <dateIssued>
                1971
            </dateIssued>
            <dateCaptured>
                03/07/2002
            </dateCaptured>
            <dateModified>
                03/08/2002
            </dateModified>
        </originInfo>
        <part>
            <extent unit = "pages">
                <start>
                    cité 569
                </start>
                <end>
                    cité 569
                </end>
            </extent>
        </part>
        <genre>
            Book
        </genre>
    </relatedItem>
</mods>