﻿<?xml version= "1.0" encoding="UTF-8"?>
<mods xmlns:xlink="http://www.w3.org/1999/xlink" xmlns:xsi="http://www.w3.org/2001/XMLSchema-instance" xmlns="http://www.loc.gov/mods/v3" version="3.6" xsi:schemaLocation="http://www.loc.gov/mods/v3 http://www.loc.gov/standards/mods/v3/mods-3-6.xsd">
    <identifier displayLabel = "record number" type = "local">
        10154
    </identifier>
    <originInfo>
        <dateCaptured>
            08/16/1999
        </dateCaptured>
        <dateModified>
            03/08/2002
        </dateModified>
    </originInfo>
    <subject>
        <temporal point = "start">
            11/25/1863
        </temporal>
        <temporal point = "end">
            11/25/1863
        </temporal>
    </subject>
    <note type = "poggenburg date">
        entre le 25 XI 63 et IV 64
    </note>
    <note type = "journal content">
        Envoi d'Eureka à Théophile Gautier, fils {1}.
    </note>
    <relatedItem type = "references">
        <identifier displayLabel = "bibliographic abbreviation" type = "local">
            Coulet
        </identifier>
        <titleInfo>
            <title>
                ***
            </title>
        </titleInfo>
        <name type = "personal">
            <namePart>
                ***
            </namePart>
            <role>
                <roleTerm type = "text">author</roleTerm>
            </role>
        </name>
        <originInfo>
            <dateIssued>
                ***
            </dateIssued>
            <dateCaptured>
                03/07/2002
            </dateCaptured>
            <dateModified>
                03/07/2002
            </dateModified>
        </originInfo>
        <part>
            <extent unit = "pages">
                <start>
                    31
                </start>
                <end>
                    31
                </end>
            </extent>
        </part>
        <genre>
            Catalog
        </genre>
        <note type = "source note">
            TITLE? Auction date?
        </note>
    </relatedItem>
</mods>