﻿<?xml version= "1.0" encoding="UTF-8"?>
<mods xmlns:xlink="http://www.w3.org/1999/xlink" xmlns:xsi="http://www.w3.org/2001/XMLSchema-instance" xmlns="http://www.loc.gov/mods/v3" version="3.6" xsi:schemaLocation="http://www.loc.gov/mods/v3 http://www.loc.gov/standards/mods/v3/mods-3-6.xsd">
    <identifier displayLabel = "record number" type = "local">
        10153
    </identifier>
    <originInfo>
        <dateCaptured>
            08/16/1999
        </dateCaptured>
        <dateModified>
            03/08/2002
        </dateModified>
    </originInfo>
    <subject>
        <temporal point = "start">
            11/25/1863
        </temporal>
        <temporal point = "end">
            11/25/1863
        </temporal>
    </subject>
    <note type = "poggenburg date">
        env 25 XI 63
    </note>
    <note type = "journal content">
        Mise en vente chez Michel Lévy de la traduction de Baudelaire d'Eureka {1}.  Baudelaire envoie des exemplaires du volume à: Gustave Flaubert ("A mon ami Gustave Flaubert"), à Leconte de Lisle {2}; à Paul Meurice ("témoignage d'amitié") {3}; à Poulet-Malassis, avec autographe {4}; à Jules Rozier ("A mon ami Jules Rozier") {5}. Sur la liste des envois établie par Baudelaire, Lévy raye les noms de ceux qu'il considère comme inutiles, y compris Victor Hugo {6}.
    </note>
    <relatedItem type = "references">
        <identifier displayLabel = "bibliographic abbreviation" type = "local">
            Eur
        </indentifier>
        <titleInfo>
            <title>
                Eureka. La genèse d'un poëme: Le corbeau, méthode de composition
            </title>
        </titleInfo>
        <name type = "personal">
            <namePart>
                Poe, Edgar Allan
            </namePart>
            <role>
                <roleTerm type = "text">author</roleTerm>
            </role>
        </name>
        <name type = "personal">
            <namePart>
                Baudelaire, Charles
            </namePart>
            <role>
                <roleTerm type = "text">author</roleTerm>
            </role>
        </name>
        <originInfo>
            <place>
                <placeTerm type = "text">Paris</placeTerm>
            </place>
            <publisher>
                Éditions Louis Conard
            </publisher>
            <dateIssued>
                1936
            </dateIssued>
            <dateCaptured>
                03/07/2002
            </dateCaptured>
            <dateModified>
                03/07/2002
            </dateModified>
        </originInfo>
        <part>
            <extent unit = "pages">
                <start>
                    246
                </start>
                <end>
                    246
                </end>
            </extent>
        </part>
        <genre>
            Book
        </genre>
        <relatedItem type = "series">
            <titleInfo>
                <title>
                    Oeuvres Complètes de Charles Baudelaire
                </title>
            </titleInfo>
        </relatedItem>
    </relatedItem>
    <relatedItem type = "references">
        <identifier displayLabel = "bibliographic abbreviation" type = "local">
            CatBN57
        </indentifier>
        <titleInfo>
            <title>
                Charles Baudelaire. Exposition organisée pour le centenaire des Fleurs du Mal
            </title>
        </titleInfo>
        <name type = "personal">
            <namePart>
                Baudelaire, Charles
            </namePart>
            <role>
                <roleTerm type = "text">author</roleTerm>
            </role>
        </name>
        <originInfo>
            <place>
                <placeTerm type = "text">Paris</placeTerm>
            </place>
            <publisher>
                Bibliothèque Nationale de France
            </publisher>
            <dateIssued>
                1957
            </dateIssued>
            <dateCaptured>
                03/07/2002
            </dateCaptured>
            <dateModified>
                03/07/2002
            </dateModified>
        </originInfo>
        <part>
            <extent unit = "pages">
                <start>
                    36
                </start>
                <end>
                    36
                </end>
            </extent>
        </part>
        <genre>
            Catalog
        </genre>
    </relatedItem>
    <relatedItem type = "references">
        <identifier displayLabel = "bibliographic abbreviation" type = "local">
            Cat83
        </indentifier>
        <titleInfo>
            <title>
                Catalogue des Libraires parisiens
            </title>
        </titleInfo>
        <name type = "personal">
            <namePart>
                ***
            </namePart>
            <role>
                <roleTerm type = "text">author</roleTerm>
            </role>
        </name>
        <originInfo>
            <place>
                <placeTerm type = "text">Paris</placeTerm>
            </place>
            <publisher>
                Marc Loliée
            </publisher>
            <dateIssued>
                ***
            </dateIssued>
            <dateCaptured>
                03/07/2002
            </dateCaptured>
            <dateModified>
                03/07/2002
            </dateModified>
        </originInfo>
        <part>
            <extent unit = "pages">
                <start>
                    53
                </start>
                <end>
                    53
                </end>
            </extent>
        </part>
        <genre>
            Catalog
        </genre>
        <note type = "source note">
            DATE?|No. 83 p. 53
        </note>
    </relatedItem>
    <relatedItem type = "references">
        <identifier displayLabel = "bibliographic abbreviation" type = "local">
            Cat397
        </indentifier>
        <titleInfo>
            <title>
                Bibliothèque, portraits, dessins et autographes de feu M. Auguste Poulet-Malassis
            </title>
        </titleInfo>
        <name type = "personal">
            <namePart>
                ***
            </namePart>
            <role>
                <roleTerm type = "text">author</roleTerm>
            </role>
        </name>
        <originInfo>
            <place>
                <placeTerm type = "text">Paris</placeTerm>
            </place>
            <publisher>
                J. Baur
            </publisher>
            <dateIssued>
                1878
            </dateIssued>
            <dateCaptured>
                03/07/2002
            </dateCaptured>
            <dateModified>
                03/07/2002
            </dateModified>
        </originInfo>
        <genre>
            Catalog
        </genre>
        <note type = "source note">
            No.397, HE 373n
        </note>
    </relatedItem>
    <relatedItem type = "references">
        <identifier displayLabel = "bibliographic abbreviation" type = "local">
            Cat76
        </indentifier>
        <titleInfo>
            <title>
                Catalogue des Libraires parisiens
            </title>
        </titleInfo>
        <name type = "personal">
            <namePart>
                ***
            </namePart>
            <role>
                <roleTerm type = "text">author</roleTerm>
            </role>
        </name>
        <originInfo>
            <place>
                <placeTerm type = "text">Paris</placeTerm>
            </place>
            <publisher>
                Marc Loliée
            </publisher>
            <dateIssued>
                ***
            </dateIssued>
            <dateCaptured>
                03/07/2002
            </dateCaptured>
            <dateModified>
                03/07/2002
            </dateModified>
        </originInfo>
        <part>
            <extent unit = "pages">
                <start>
                    78
                </start>
                <end>
                    78
                </end>
            </extent>
        </part>
        <genre>
            Catalog
        </genre>
        <note type = "source note">
            DATE?|No. 76 p. 78
        </note>
    </relatedItem>
    <relatedItem type = "references">
        <identifier displayLabel = "bibliographic abbreviation" type = "local">
            CPl II
        </indentifier>
        <titleInfo>
            <title>
                Correspondance: Tome II (mars 1860-mars 1866). Texte établi, présenté et annoté par Claude Pichois avec la collaboration de Jean Ziegler
            </title>
        </titleInfo>
        <name type = "personal">
            <namePart>
                Baudelaire, Charles
            </namePart>
            <role>
                <roleTerm type = "text">author</roleTerm>
            </role>
        </name>
        <name type = "personal">
            <namePart>
                Pichois, Claude
            </namePart>
            <role>
                <roleTerm type = "text">editor</roleTerm>
            </role>
        </name>
        <name type = "personal">
            <namePart>
                Ziegler, Jean
            </namePart>
            <role>
                <roleTerm type = "text">editor</roleTerm>
            </role>
        </name>
        <name type = "personal">
            <namePart>
                Ziegler, Jean
            </namePart>
            <role>
                <roleTerm type = "text">editor</roleTerm>
            </role>
        </name>
        <originInfo>
            <place>
                <placeTerm type = "text">Paris</placeTerm>
            </place>
            <publisher>
                Gallimard
            </publisher>
            <dateIssued>
                1973
            </dateIssued>
            <dateCaptured>
                03/07/2002
            </dateCaptured>
            <dateModified>
                03/07/2002
            </dateModified>
        </originInfo>
        <part>
            <extent unit = "pages">
                <start>
                    338
                </start>
                <end>
                    338
                </end>
            </extent>
        </part>
        <genre>
            Book
        </genre>
        <relatedItem type = "series">
            <titleInfo>
                <title>
                    Bibliothèque de la Pléiade
                </title>
            </titleInfo>
        </relatedItem>
    </relatedItem>
</mods>