﻿<?xml version= "1.0" encoding="UTF-8"?>
<mods xmlns:xlink="http://www.w3.org/1999/xlink" xmlns:xsi="http://www.w3.org/2001/XMLSchema-instance" xmlns="http://www.loc.gov/mods/v3" version="3.6" xsi:schemaLocation="http://www.loc.gov/mods/v3 http://www.loc.gov/standards/mods/v3/mods-3-6.xsd">
    <identifier displayLabel = "record number" type = "local">
        10200
    </identifier>
    <originInfo>
        <dateCaptured>
            08/16/1999
        </dateCaptured>
        <dateModified>
            03/08/2002
        </dateModified>
    </originInfo>
    <subject>
        <temporal point = "start">
            01/30/1864
        </temporal>
        <temporal point = "end">
            01/30/1864
        </temporal>
    </subject>
    <note type = "poggenburg date">
        30 I 64
    </note>
    <note type = "journal content">
        Chez Cadart et Luquet paraît le premier numéro d'un hebdomadaire, l'Union des arts, nouvelles des beaux-arts, des lettres et des théâtres, dont le directeur est  Albert de la Fizelière. On y annonce la collaboration de "plusieurs auteurs spéciaux et connus", entre autres, Philippe Burty, Champfleury, les Goncourt, Jules Janin et Baudelaire.  Ce dernier n'y apportera pourtant pas sa collaboration {1}.
    </note>
    <relatedItem type = "references">
        <identifier displayLabel = "bibliographic abbreviation" type = "local">
            OCPl II
        </indentifier>
        <titleInfo>
            <title>
                Oeuvres complètes. Texte établi, présenté et annoté par Claude Pichois: Tome II
            </title>
        </titleInfo>
        <name type = "personal">
            <namePart>
                Baudelaire, Charles
            </namePart>
            <role>
                <roleTerm type = "text">author</roleTerm>
            </role>
        </name>
        <name type = "personal">
            <namePart>
                Pichois, Claude
            </namePart>
            <role>
                <roleTerm type = "text">editor</roleTerm>
            </role>
        </name>
        <originInfo>
            <place>
                <placeTerm type = "text">Paris</placeTerm>
            </place>
            <publisher>
                Gallimard
            </publisher>
            <dateIssued>
                1976
            </dateIssued>
            <dateCaptured>
                03/07/2002
            </dateCaptured>
            <dateModified>
                03/07/2002
            </dateModified>
        </originInfo>
        <part>
            <extent unit = "pages">
                <start>
                    1438
                </start>
                <end>
                    1438
                </end>
            </extent>
        </part>
        <genre>
            Book
        </genre>
        <relatedItem type = "series">
            <titleInfo>
                <title>
                    Bibliothèque de la Pléiade
                </title>
            </titleInfo>
        </relatedItem>
    </relatedItem>
</mods>