﻿<?xml version= "1.0" encoding="UTF-8"?>
<mods xmlns:xlink="http://www.w3.org/1999/xlink" xmlns:xsi="http://www.w3.org/2001/XMLSchema-instance" xmlns="http://www.loc.gov/mods/v3" version="3.6" xsi:schemaLocation="http://www.loc.gov/mods/v3 http://www.loc.gov/standards/mods/v3/mods-3-6.xsd">
    <identifier displayLabel = "record number" type = "local">
        10211
    </identifier>
    <originInfo>
        <dateCaptured>
            08/16/1999
        </dateCaptured>
        <dateModified>
            03/08/2002
        </dateModified>
    </originInfo>
    <subject>
        <temporal point = "start">
            02/21/1864
        </temporal>
        <temporal point = "end">
            02/21/1864
        </temporal>
    </subject>
    <note type = "poggenburg date">
        21 II 64
    </note>
    <note type = "journal content">
        Théophile Silvestre expose, dans Eugène Delacroix, d'après des documents nouveaux, son opinion sur  cet artiste qu'il appuie en citant Les Chats de Baudelaire {1}.
    </note>
    <relatedItem type = "references">
        <identifier displayLabel = "bibliographic abbreviation" type = "local">
            Pichois M1
        </indentifier>
        <titleInfo>
            <title>
                Comme un soupir étouffé de Weber
            </title>
        </titleInfo>
        <name type = "personal">
            <namePart>
                Pichois, Claude
            </namePart>
            <role>
                <roleTerm type = "text">author</roleTerm>
            </role>
        </name>
        <originInfo>
            <dateIssued>
                1958
            </dateIssued>
            <dateCaptured>
                03/07/2002
            </dateCaptured>
            <dateModified>
                03/07/2002
            </dateModified>
        </originInfo>
        <genre>
            Article
        </genre>
        <relatedItem type = "host">
            <titleInfo>
                <title>Le Divan<title>
            </titleInfo>
            <part>
                <detail type = "issue">
                    <number>avril-juin</number>
                    <caption>issue</caption>
                </detail>
                <extent unit = "page">
                    <start>
                        327
                    </start>
                    <end>
                        334
                    </end>
                </extent>
                <date>04/01/1958</date>
            </part>
        </relatedItem>
        <note type = "source note">
            Corrected title 11/1/2016
        </note>
    </relatedItem>
</mods>