﻿<?xml version= "1.0" encoding="UTF-8"?>
<mods xmlns:xlink="http://www.w3.org/1999/xlink" xmlns:xsi="http://www.w3.org/2001/XMLSchema-instance" xmlns="http://www.loc.gov/mods/v3" version="3.6" xsi:schemaLocation="http://www.loc.gov/mods/v3 http://www.loc.gov/standards/mods/v3/mods-3-6.xsd">
    <identifier displayLabel = "record number" type = "local">
        10239
    </identifier>
    <originInfo>
        <dateCaptured>
            08/16/1999
        </dateCaptured>
        <dateModified>
            03/08/2002
        </dateModified>
    </originInfo>
    <subject>
        <temporal point = "start">
            04/03/1864
        </temporal>
        <temporal point = "end">
            04/03/1864
        </temporal>
    </subject>
    <note type = "poggenburg date">
        env 3 IV 64
    </note>
    <note type = "journal content">
        Baudelaire subit l'interrogatoire de  Michel Lévy, mis en colère par l'interdiction d'éditer ses oeuvres.  Baudelaire s'inquiète des développements de l'affaire ne sachant pas que le syndic de Poulet-Malassis l'a  autorisé à conserver le titre dont il se prévaut pour établir ses droits sur les oeuvres de Baudelaire.  Baudelaire, pour sa part, pensait que les acomptes versés le dispenseraient de l'exclusivité de la publication.  Il craint un procès où l'on pourrait lui reprocher d'avoir attaquer son ami au moment même où lui-même avait fait faillite.  Baudelaire essaye de voir Poulet-Malassis au sujet de cette affaire mais l'éditeur ne consent pas à le voir. Ils se rencontrent, pourtant, et Poulet-Malassis avoue avoir voulu tourmenter Baudelaire par ses actions.  Dans un soudain revirement, il offre de détruire l'acte attestant les prêts qu'il avait consentis à Baudelaire mais ce dernier refuse, "n'aimant pas les extrêmes" {1}.
    </note>
    <relatedItem type = "references">
        <identifier displayLabel = "bibliographic abbreviation" type = "local">
            CPl II
        </indentifier>
        <titleInfo>
            <title>
                Correspondance: Tome II (mars 1860-mars 1866). Texte établi, présenté et annoté par Claude Pichois avec la collaboration de Jean Ziegler
            </title>
        </titleInfo>
        <name type = "personal">
            <namePart>
                Baudelaire, Charles
            </namePart>
            <role>
                <roleTerm type = "text">author</roleTerm>
            </role>
        </name>
        <name type = "personal">
            <namePart>
                Pichois, Claude
            </namePart>
            <role>
                <roleTerm type = "text">editor</roleTerm>
            </role>
        </name>
        <name type = "personal">
            <namePart>
                Ziegler, Jean
            </namePart>
            <role>
                <roleTerm type = "text">editor</roleTerm>
            </role>
        </name>
        <name type = "personal">
            <namePart>
                Ziegler, Jean
            </namePart>
            <role>
                <roleTerm type = "text">editor</roleTerm>
            </role>
        </name>
        <originInfo>
            <place>
                <placeTerm type = "text">Paris</placeTerm>
            </place>
            <publisher>
                Gallimard
            </publisher>
            <dateIssued>
                1973
            </dateIssued>
            <dateCaptured>
                03/07/2002
            </dateCaptured>
            <dateModified>
                03/07/2002
            </dateModified>
        </originInfo>
        <part>
            <extent unit = "pages">
                <start>
                    364
                </start>
                <end>
                    364
                </end>
            </extent>
        </part>
        <genre>
            Book
        </genre>
        <relatedItem type = "series">
            <titleInfo>
                <title>
                    Bibliothèque de la Pléiade
                </title>
            </titleInfo>
        </relatedItem>
    </relatedItem>
</mods>