﻿<?xml version= "1.0" encoding="UTF-8"?>
<mods xmlns:xlink="http://www.w3.org/1999/xlink" xmlns:xsi="http://www.w3.org/2001/XMLSchema-instance" xmlns="http://www.loc.gov/mods/v3" version="3.6" xsi:schemaLocation="http://www.loc.gov/mods/v3 http://www.loc.gov/standards/mods/v3/mods-3-6.xsd">
    <identifier displayLabel = "record number" type = "local">
        10248
    </identifier>
    <originInfo>
        <dateCaptured>
            08/16/1999
        </dateCaptured>
        <dateModified>
            03/08/2002
        </dateModified>
    </originInfo>
    <subject>
        <temporal point = "start">
            04/17/1864
        </temporal>
        <temporal point = "end">
            04/17/1864
        </temporal>
    </subject>
    <note type = "poggenburg date">
        17 IV 64
    </note>
    <note type = "journal content">
        Dans le Hanneton, Pasquin décrit un Mont-de-Piété littéraire satirique.  L'on y prêterait "un exemplaire des  Fleurs du Mal où ne seraient chantées que les délices de la viande fraîche et de l'amour platonique" {1}.  Les Ecoles de France condamne l'anonyme "délateur" qui attaque Hugo à propos du Banquet Shakespeare {2}. La Gazette des courses publie un article favorable à Victor Hugo {3}.
    </note>
    <relatedItem type = "references">
        <identifier displayLabel = "bibliographic abbreviation" type = "local">
            T
        </indentifier>
        <titleInfo>
            <title>
                Texte vu
            </title>
        </titleInfo>
        <name type = "personal">
            <namePart>
                ***
            </namePart>
            <role>
                <roleTerm type = "text">author</roleTerm>
            </role>
        </name>
        <originInfo>
            <dateIssued>
                ***
            </dateIssued>
            <dateCaptured>
                03/07/2002
            </dateCaptured>
            <dateModified>
                03/07/2002
            </dateModified>
        </originInfo>
        <genre>
            Other
        </genre>
        <note type = "source note">
            TITLE?
        </note>
    </relatedItem>
    <relatedItem type = "references">
        <identifier displayLabel = "bibliographic abbreviation" type = "local">
            Badesco B
        </indentifier>
        <titleInfo>
            <title>
                Le Génération poétique de 1860, la jeunesse des deux rives, milieux d'avant-garde et mouvements littéraires, les oeuvres et les hommes
            </title>
        </titleInfo>
        <name type = "personal">
            <namePart>
                Badesco, Luc
            </namePart>
            <role>
                <roleTerm type = "text">author</roleTerm>
            </role>
        </name>
        <name type = "personal">
            <namePart>
                Nizet, A.-G.
            </namePart>
            <role>
                <roleTerm type = "text">editor</roleTerm>
            </role>
        </name>
        <originInfo>
            <place>
                <placeTerm type = "text">Paris</placeTerm>
            </place>
            <publisher>
                A.-G. Nizet
            </publisher>
            <dateIssued>
                1971
            </dateIssued>
            <dateCaptured>
                03/07/2002
            </dateCaptured>
            <dateModified>
                03/08/2002
            </dateModified>
        </originInfo>
        <part>
            <extent unit = "pages">
                <start>
                    I:100
                </start>
                <end>
                    I:100
                </end>
            </extent>
        </part>
        <genre>
            Book
        </genre>
    </relatedItem>
    <relatedItem type = "references">
        <identifier displayLabel = "bibliographic abbreviation" type = "local">
            Badesco B
        </indentifier>
        <titleInfo>
            <title>
                Le Génération poétique de 1860, la jeunesse des deux rives, milieux d'avant-garde et mouvements littéraires, les oeuvres et les hommes
            </title>
        </titleInfo>
        <name type = "personal">
            <namePart>
                Badesco, Luc
            </namePart>
            <role>
                <roleTerm type = "text">author</roleTerm>
            </role>
        </name>
        <name type = "personal">
            <namePart>
                Nizet, A.-G.
            </namePart>
            <role>
                <roleTerm type = "text">editor</roleTerm>
            </role>
        </name>
        <originInfo>
            <place>
                <placeTerm type = "text">Paris</placeTerm>
            </place>
            <publisher>
                A.-G. Nizet
            </publisher>
            <dateIssued>
                1971
            </dateIssued>
            <dateCaptured>
                03/07/2002
            </dateCaptured>
            <dateModified>
                03/08/2002
            </dateModified>
        </originInfo>
        <part>
            <extent unit = "pages">
                <start>
                    I:105
                </start>
                <end>
                    I:105
                </end>
            </extent>
        </part>
        <genre>
            Book
        </genre>
    </relatedItem>
</mods>