﻿<?xml version= "1.0" encoding="UTF-8"?>
<mods xmlns:xlink="http://www.w3.org/1999/xlink" xmlns:xsi="http://www.w3.org/2001/XMLSchema-instance" xmlns="http://www.loc.gov/mods/v3" version="3.6" xsi:schemaLocation="http://www.loc.gov/mods/v3 http://www.loc.gov/standards/mods/v3/mods-3-6.xsd">
    <identifier displayLabel = "record number" type = "local">
        10263
    </identifier>
    <originInfo>
        <dateCaptured>
            08/16/1999
        </dateCaptured>
        <dateModified>
            03/08/2002
        </dateModified>
    </originInfo>
    <subject>
        <temporal point = "start">
            04/26/1864
        </temporal>
        <temporal point = "end">
            04/26/1864
        </temporal>
    </subject>
    <note type = "poggenburg date">
        26 IV 64
    </note>
    <note type = "journal content">
        Le Petit Journal, de Moïse Millaud, reproduit, sans nom de traducteur et à l'insu de Baudelaire, Double Assassinat dans la rue Morgue.  Cette publication se poursuivra jusqu'au 6 mai {1}. Alfred Stevens demande à Lucas de lui envoyer une lithographie: Le Wagon de deuxième classe, par Daumier.  Il en a entendu parler de Baudelaire {2}.
    </note>
    <relatedItem type = "references">
        <identifier displayLabel = "bibliographic abbreviation" type = "local">
            CPl II
        </indentifier>
        <titleInfo>
            <title>
                Correspondance: Tome II (mars 1860-mars 1866). Texte établi, présenté et annoté par Claude Pichois avec la collaboration de Jean Ziegler
            </title>
        </titleInfo>
        <name type = "personal">
            <namePart>
                Baudelaire, Charles
            </namePart>
            <role>
                <roleTerm type = "text">author</roleTerm>
            </role>
        </name>
        <name type = "personal">
            <namePart>
                Pichois, Claude
            </namePart>
            <role>
                <roleTerm type = "text">editor</roleTerm>
            </role>
        </name>
        <name type = "personal">
            <namePart>
                Ziegler, Jean
            </namePart>
            <role>
                <roleTerm type = "text">editor</roleTerm>
            </role>
        </name>
        <name type = "personal">
            <namePart>
                Ziegler, Jean
            </namePart>
            <role>
                <roleTerm type = "text">editor</roleTerm>
            </role>
        </name>
        <originInfo>
            <place>
                <placeTerm type = "text">Paris</placeTerm>
            </place>
            <publisher>
                Gallimard
            </publisher>
            <dateIssued>
                1973
            </dateIssued>
            <dateCaptured>
                03/07/2002
            </dateCaptured>
            <dateModified>
                03/07/2002
            </dateModified>
        </originInfo>
        <part>
            <extent unit = "pages">
                <start>
                    402, 874
                </start>
                <end>
                    402, 874
                </end>
            </extent>
        </part>
        <genre>
            Book
        </genre>
        <relatedItem type = "series">
            <titleInfo>
                <title>
                    Bibliothèque de la Pléiade
                </title>
            </titleInfo>
        </relatedItem>
    </relatedItem>
    <relatedItem type = "references">
        <identifier displayLabel = "bibliographic abbreviation" type = "local">
            Adhémar A
        </indentifier>
        <titleInfo>
            <title>
                Baudelaire et les frères Stevens, sa modernité
            </title>
        </titleInfo>
        <name type = "personal">
            <namePart>
                Adhémar, Jean
            </namePart>
            <role>
                <roleTerm type = "text">author</roleTerm>
            </role>
        </name>
        <originInfo>
            <place>
                <placeTerm type = "text">Paris</placeTerm>
            </place>
            <dateIssued>
                1958
            </dateIssued>
            <dateCaptured>
                03/07/2002
            </dateCaptured>
            <dateModified>
                03/08/2002
            </dateModified>
        </originInfo>
        <part>
            <extent unit = "pages">
                <start>
                    52
                </start>
                <end>
                    52
                </end>
            </extent>
        </part>
        <genre>
            Article
        </genre>
        <relatedItem type = "host">
            <titleInfo>
                <title>Gazette des Beaux-Arts<title>
            </titleInfo>
            <part>
                <detail type = "volume">
                    <number>51</number>
                    <caption>volume</caption>
                </detail>
                <extent unit = "page">
                    <start>
                        123
                    </start>
                    <end>
                        126
                    </end>
                </extent>
                <date>02/01/1958</date>
            </part>
        </relatedItem>
        <relatedItem type = "series">
            <titleInfo>
                <title>
                    6
                </title>
            </titleInfo>
        </relatedItem>
    </relatedItem>
</mods>