﻿<?xml version= "1.0" encoding="UTF-8"?>
<mods xmlns:xlink="http://www.w3.org/1999/xlink" xmlns:xsi="http://www.w3.org/2001/XMLSchema-instance" xmlns="http://www.loc.gov/mods/v3" version="3.6" xsi:schemaLocation="http://www.loc.gov/mods/v3 http://www.loc.gov/standards/mods/v3/mods-3-6.xsd">
    <identifier displayLabel = "record number" type = "local">
        10289
    </identifier>
    <originInfo>
        <dateCaptured>
            08/16/1999
        </dateCaptured>
        <dateModified>
            03/08/2002
        </dateModified>
    </originInfo>
    <subject>
        <temporal point = "start">
            05/17/1864
        </temporal>
        <temporal point = "end">
            05/17/1864
        </temporal>
    </subject>
    <note type = "poggenburg date">
        17 V 64
    </note>
    <note type = "journal content">
        Poulet-Malassis écrit à Bracquemond pour annoncer que les conférences de Baudelaire ont été un "vrai et sérieux succès".  Il prétend que le poète en tire grande  satisfaction {1}.  Baudelaire reçoit de Lévy une des feuilles des Histoires grotesques et serieuses {2}.
    </note>
    <relatedItem type = "references">
        <identifier displayLabel = "bibliographic abbreviation" type = "local">
            Pichois H
        </indentifier>
        <titleInfo>
            <title>
                Autour de La Fanfarlo: Baudelaire, Balzac et Marie Daubrun
            </title>
        </titleInfo>
        <name type = "personal">
            <namePart>
                Pichois, Claude
            </namePart>
            <role>
                <roleTerm type = "text">author</roleTerm>
            </role>
        </name>
        <originInfo>
            <dateIssued>
                1956
            </dateIssued>
            <dateCaptured>
                03/07/2002
            </dateCaptured>
            <dateModified>
                03/07/2002
            </dateModified>
        </originInfo>
        <part>
            <extent unit = "pages">
                <start>
                    270
                </start>
                <end>
                    270
                </end>
            </extent>
        </part>
        <genre>
            Article
        </genre>
        <relatedItem type = "host">
            <titleInfo>
                <title>Mercure de France<title>
            </titleInfo>
            <part>
                <detail type = "volume">
                    <number>328</number>
                    <caption>volume</caption>
                </detail>
                <detail type = "number">
                    <number>1120</number>
                    <caption>number</caption>
                </detail>
                <extent unit = "page">
                    <start>
                        604
                    </start>
                    <end>
                        636
                    </end>
                </extent>
                <date>01/01/1956</date>
            </part>
        </relatedItem>
    </relatedItem>
    <relatedItem type = "references">
        <identifier displayLabel = "bibliographic abbreviation" type = "local">
            CPl II
        </indentifier>
        <titleInfo>
            <title>
                Correspondance: Tome II (mars 1860-mars 1866). Texte établi, présenté et annoté par Claude Pichois avec la collaboration de Jean Ziegler
            </title>
        </titleInfo>
        <name type = "personal">
            <namePart>
                Baudelaire, Charles
            </namePart>
            <role>
                <roleTerm type = "text">author</roleTerm>
            </role>
        </name>
        <name type = "personal">
            <namePart>
                Pichois, Claude
            </namePart>
            <role>
                <roleTerm type = "text">editor</roleTerm>
            </role>
        </name>
        <name type = "personal">
            <namePart>
                Ziegler, Jean
            </namePart>
            <role>
                <roleTerm type = "text">editor</roleTerm>
            </role>
        </name>
        <name type = "personal">
            <namePart>
                Ziegler, Jean
            </namePart>
            <role>
                <roleTerm type = "text">editor</roleTerm>
            </role>
        </name>
        <originInfo>
            <place>
                <placeTerm type = "text">Paris</placeTerm>
            </place>
            <publisher>
                Gallimard
            </publisher>
            <dateIssued>
                1973
            </dateIssued>
            <dateCaptured>
                03/07/2002
            </dateCaptured>
            <dateModified>
                03/07/2002
            </dateModified>
        </originInfo>
        <part>
            <extent unit = "pages">
                <start>
                    372
                </start>
                <end>
                    372
                </end>
            </extent>
        </part>
        <genre>
            Book
        </genre>
        <relatedItem type = "series">
            <titleInfo>
                <title>
                    Bibliothèque de la Pléiade
                </title>
            </titleInfo>
        </relatedItem>
    </relatedItem>
</mods>