﻿<?xml version= "1.0" encoding="UTF-8"?>
<mods xmlns:xlink="http://www.w3.org/1999/xlink" xmlns:xsi="http://www.w3.org/2001/XMLSchema-instance" xmlns="http://www.loc.gov/mods/v3" version="3.6" xsi:schemaLocation="http://www.loc.gov/mods/v3 http://www.loc.gov/standards/mods/v3/mods-3-6.xsd">
    <identifier displayLabel = "record number" type = "local">
        10305
    </identifier>
    <originInfo>
        <dateCaptured>
            08/16/1999
        </dateCaptured>
        <dateModified>
            03/08/2002
        </dateModified>
    </originInfo>
    <subject>
        <temporal point = "start">
            06/01/1864
        </temporal>
        <temporal point = "end">
            06/01/1864
        </temporal>
    </subject>
    <note type = "poggenburg date">
        1? VI 64
    </note>
    <note type = "journal content">
        Le soir, pour se distraire des ennuis qu'il rencontre avec les épreuves du Mystère de Marie Roget, Baudelaire se "livre à l'ale et au porto".  Dans cet état, et à propos  de ce livre, il écrit à Michel Lévy une lettre qu'il estime lui-même un peu vive. Baudelaire explique la nature particulière de ce travail, qui exige une exactitude minutieuse que son presbytisme rend difficile, provoquant parfois des contresens dans la restitution  du texte anglais.  Demandant à Lévy de refaire la première feuille de Marie Roget, si elle est tirée, il promet de payer lui-même ce travail.  Baudelaire déclare qu'il ne tire vanité que d'une seule vertu, "... l'amour du métier", d'où le besoin qu'il éprouve de corriger ses secondes épreuves.  Baudelaire remercie Lévy d'avoir placé des réclames dans l'Entr'acte [celles-ci n'ont pas été retrouvées]. Il parle à cet éditeur d'une série de Lettres belges [Pauvre Belgique], signées Charles de Féyis, à paraître dans Figaro {1}.
    </note>
    <note type = "researcher notes">
        Date uncertain
    </note>
    <relatedItem type = "references">
        <identifier displayLabel = "bibliographic abbreviation" type = "local">
            CPl II
        </indentifier>
        <titleInfo>
            <title>
                Correspondance: Tome II (mars 1860-mars 1866). Texte établi, présenté et annoté par Claude Pichois avec la collaboration de Jean Ziegler
            </title>
        </titleInfo>
        <name type = "personal">
            <namePart>
                Baudelaire, Charles
            </namePart>
            <role>
                <roleTerm type = "text">author</roleTerm>
            </role>
        </name>
        <name type = "personal">
            <namePart>
                Pichois, Claude
            </namePart>
            <role>
                <roleTerm type = "text">editor</roleTerm>
            </role>
        </name>
        <name type = "personal">
            <namePart>
                Ziegler, Jean
            </namePart>
            <role>
                <roleTerm type = "text">editor</roleTerm>
            </role>
        </name>
        <name type = "personal">
            <namePart>
                Ziegler, Jean
            </namePart>
            <role>
                <roleTerm type = "text">editor</roleTerm>
            </role>
        </name>
        <originInfo>
            <place>
                <placeTerm type = "text">Paris</placeTerm>
            </place>
            <publisher>
                Gallimard
            </publisher>
            <dateIssued>
                1973
            </dateIssued>
            <dateCaptured>
                03/07/2002
            </dateCaptured>
            <dateModified>
                03/07/2002
            </dateModified>
        </originInfo>
        <part>
            <extent unit = "pages">
                <start>
                    372, 374
                </start>
                <end>
                    372, 374
                </end>
            </extent>
        </part>
        <genre>
            Book
        </genre>
        <relatedItem type = "series">
            <titleInfo>
                <title>
                    Bibliothèque de la Pléiade
                </title>
            </titleInfo>
        </relatedItem>
    </relatedItem>
</mods>