﻿<?xml version= "1.0" encoding="UTF-8"?>
<mods xmlns:xlink="http://www.w3.org/1999/xlink" xmlns:xsi="http://www.w3.org/2001/XMLSchema-instance" xmlns="http://www.loc.gov/mods/v3" version="3.6" xsi:schemaLocation="http://www.loc.gov/mods/v3 http://www.loc.gov/standards/mods/v3/mods-3-6.xsd">
    <identifier displayLabel = "record number" type = "local">
        10340
    </identifier>
    <originInfo>
        <dateCaptured>
            08/16/1999
        </dateCaptured>
        <dateModified>
            03/08/2002
        </dateModified>
    </originInfo>
    <subject>
        <temporal point = "start">
            07/14/1864
        </temporal>
        <temporal point = "end">
            07/14/1864
        </temporal>
    </subject>
    <note type = "poggenburg date">
        14 VII 64
    </note>
    <note type = "journal content">
        Baudelaire annonce à Ancelle qu'il a déjà écrit la partie de Pauvre Belgique notamment qui a trait aux moeurs (moeurs, politique, clergé, libre-penseurs) et qu'il veut visiter Anvers, Bruges, Namur, Liége, Gand,  pour continuer l'étude du pays.  Il croit qu'il est mal reçu des Belges en raison de sa sympathie pour les Jésuites.   Baudelaire remarque la situation extraordinaire du gouvernement, qui n'a pas d'appui dans le parlement; il ne croit pourtant pas que les Belges trop bêtes pour cela, aillent se battre pour des idées. Baudelaire a étudié en Belgique, les questions de la charité, des  dotations, de l'éducation, du cens électoral, d'Anvers, des cimetières.  Il compte traiter de l'affaire Proudhon:  ce dernier a dû quitter la Belgique en raison d'une manifestation d'hostilité à son égard, organisée par L.-J. Defré, représentant que Baudelaire a rencontré à Bruxelles.  Pour pouvoir faire ses voyages d'étude Baudelaire compte sur Ancelle, qui doit lui envoyer 150 francs, son argent mensuel {1}.
    </note>
    <relatedItem type = "references">
        <identifier displayLabel = "bibliographic abbreviation" type = "local">
            CPl II
        </indentifier>
        <titleInfo>
            <title>
                Correspondance: Tome II (mars 1860-mars 1866). Texte établi, présenté et annoté par Claude Pichois avec la collaboration de Jean Ziegler
            </title>
        </titleInfo>
        <name type = "personal">
            <namePart>
                Baudelaire, Charles
            </namePart>
            <role>
                <roleTerm type = "text">author</roleTerm>
            </role>
        </name>
        <name type = "personal">
            <namePart>
                Pichois, Claude
            </namePart>
            <role>
                <roleTerm type = "text">editor</roleTerm>
            </role>
        </name>
        <name type = "personal">
            <namePart>
                Ziegler, Jean
            </namePart>
            <role>
                <roleTerm type = "text">editor</roleTerm>
            </role>
        </name>
        <name type = "personal">
            <namePart>
                Ziegler, Jean
            </namePart>
            <role>
                <roleTerm type = "text">editor</roleTerm>
            </role>
        </name>
        <originInfo>
            <place>
                <placeTerm type = "text">Paris</placeTerm>
            </place>
            <publisher>
                Gallimard
            </publisher>
            <dateIssued>
                1973
            </dateIssued>
            <dateCaptured>
                03/07/2002
            </dateCaptured>
            <dateModified>
                03/07/2002
            </dateModified>
        </originInfo>
        <part>
            <extent unit = "pages">
                <start>
                    387, 868
                </start>
                <end>
                    387, 868
                </end>
            </extent>
        </part>
        <genre>
            Book
        </genre>
        <relatedItem type = "series">
            <titleInfo>
                <title>
                    Bibliothèque de la Pléiade
                </title>
            </titleInfo>
        </relatedItem>
    </relatedItem>
</mods>