﻿<?xml version= "1.0" encoding="UTF-8"?>
<mods xmlns:xlink="http://www.w3.org/1999/xlink" xmlns:xsi="http://www.w3.org/2001/XMLSchema-instance" xmlns="http://www.loc.gov/mods/v3" version="3.6" xsi:schemaLocation="http://www.loc.gov/mods/v3 http://www.loc.gov/standards/mods/v3/mods-3-6.xsd">
    <identifier displayLabel = "record number" type = "local">
        10367
    </identifier>
    <originInfo>
        <dateCaptured>
            08/16/1999
        </dateCaptured>
        <dateModified>
            03/08/2002
        </dateModified>
    </originInfo>
    <subject>
        <temporal point = "start">
            09/10/1864
        </temporal>
        <temporal point = "end">
            09/10/1864
        </temporal>
    </subject>
    <note type = "poggenburg date">
        10 IX 64
    </note>
    <note type = "journal content">
        La Vie parisienne donne un article de Champfleury sur la publication des oeuvres d'Henri Monnier.  L'auteur y décrit la première rencontre de Baudelaire avec Monnier à l'Hôtel Pimodan {1}.  Poulet-Malassis annonce à Bracquemond la visite de Nadar à Bruxelles, à partir du 13.  L'éditeur a donné à la Bibliothèque Royale de Bruxelles les doubles de ses gravures faites par l'artiste.  Baudelaire envoie par Poulet-Malassis ses amitiés à Bracquemond {2}.
    </note>
    <relatedItem type = "references">
        <identifier displayLabel = "bibliographic abbreviation" type = "local">
            BDC
        </indentifier>
        <titleInfo>
            <title>
                Baudelaire devant ses contemporains
            </title>
        </titleInfo>
        <name type = "personal">
            <namePart>
                Bandy, William Thomas
            </namePart>
            <role>
                <roleTerm type = "text">editor</roleTerm>
            </role>
        </name>
        <name type = "personal">
            <namePart>
                Pichois, Claude
            </namePart>
            <role>
                <roleTerm type = "text">editor</roleTerm>
            </role>
        </name>
        <name type = "personal">
            <namePart>
                Pichois, Claude
            </namePart>
            <role>
                <roleTerm type = "text">editor</roleTerm>
            </role>
        </name>
        <originInfo>
            <place>
                <placeTerm type = "text">Paris</placeTerm>
            </place>
            <publisher>
                Union Générale d'Edition
            </publisher>
            <dateIssued>
                1967
            </dateIssued>
            <dateCaptured>
                03/07/2002
            </dateCaptured>
            <dateModified>
                03/08/2002
            </dateModified>
        </originInfo>
        <part>
            <extent unit = "pages">
                <start>
                    67--69
                </start>
                <end>
                    67--69
                </end>
            </extent>
        </part>
        <genre>
            Book
        </genre>
        <note type = "source note">
            Le Monde en 10/18, 364/365
        </note>
    </relatedItem>
    <relatedItem type = "references">
        <identifier displayLabel = "bibliographic abbreviation" type = "local">
            Bouillon
        </indentifier>
        <titleInfo>
            <title>
                Artiste et éditeur: correspondance de Bracquemond et de Poulet-Malassis
            </title>
        </titleInfo>
        <name type = "personal">
            <namePart>
                Bouillon, Jean-Paul
            </namePart>
            <role>
                <roleTerm type = "text">author</roleTerm>
            </role>
        </name>
        <originInfo>
            <dateIssued>
                1975
            </dateIssued>
            <dateCaptured>
                03/07/2002
            </dateCaptured>
            <dateModified>
                03/07/2002
            </dateModified>
        </originInfo>
        <part>
            <extent unit = "pages">
                <start>
                    383
                </start>
                <end>
                    383
                </end>
            </extent>
        </part>
        <genre>
            Article
        </genre>
        <relatedItem type = "host">
            <titleInfo>
                <title>Bulletin du Bibliophile et du Bibliothécaire<title>
            </titleInfo>
            <part>
                <detail type = "issue">
                    <number>1</number>
                    <caption>issue</caption>
                </detail>
                <extent unit = "page">
                    <start>
                        49
                    </start>
                    <end>
                        66
                    </end>
                </extent>
                <date>01/01/1975</date>
            </part>
        </relatedItem>
        <relatedItem type = "host">
            <titleInfo>
                <title>Bulletin du Bibliophile et du Bibliothécaire<title>
            </titleInfo>
            <part>
                <detail type = "issue">
                    <number>2</number>
                    <caption>issue</caption>
                </detail>
                <extent unit = "page">
                    <start>
                        193
                    </start>
                    <end>
                        201
                    </end>
                </extent>
                <date>01/01/1975</date>
            </part>
        </relatedItem>
        <relatedItem type = "host">
            <titleInfo>
                <title>Bulletin du Bibliophile et du Bibliothécaire<title>
            </titleInfo>
            <part>
                <detail type = "issue">
                    <number>3</number>
                    <caption>issue</caption>
                </detail>
                <extent unit = "page">
                    <start>
                        276
                    </start>
                    <end>
                        287
                    </end>
                </extent>
                <date>01/01/1975</date>
            </part>
        </relatedItem>
        <relatedItem type = "host">
            <titleInfo>
                <title>Bulletin du Bibliophile et du Bibliothécaire<title>
            </titleInfo>
            <part>
                <detail type = "issue">
                    <number>4</number>
                    <caption>issue</caption>
                </detail>
                <extent unit = "page">
                    <start>
                        383
                    </start>
                    <end>
                        396
                    </end>
                </extent>
                <date>01/01/1975</date>
            </part>
        </relatedItem>
    </relatedItem>
</mods>