﻿<?xml version= "1.0" encoding="UTF-8"?>
<mods xmlns:xlink="http://www.w3.org/1999/xlink" xmlns:xsi="http://www.w3.org/2001/XMLSchema-instance" xmlns="http://www.loc.gov/mods/v3" version="3.6" xsi:schemaLocation="http://www.loc.gov/mods/v3 http://www.loc.gov/standards/mods/v3/mods-3-6.xsd">
    <identifier displayLabel = "record number" type = "local">
        10369
    </identifier>
    <originInfo>
        <dateCaptured>
            08/16/1999
        </dateCaptured>
        <dateModified>
            03/08/2002
        </dateModified>
    </originInfo>
    <subject>
        <temporal point = "start">
            09/17/1864
        </temporal>
        <temporal point = "end">
            09/17/1864
        </temporal>
    </subject>
    <note type = "poggenburg date">
        17 IX 64
    </note>
    <note type = "journal content">
        La Petite Revue observe qu'Enoch Arden, de Tennyson, va avoir un retentissement semblable à celui qu'ont eu les Fleurs du mal ed. de 1857 en France {1}.
    </note>
    <relatedItem type = "references">
        <identifier displayLabel = "bibliographic abbreviation" type = "local">
            BJ
        </indentifier>
        <titleInfo>
            <title>
                Baudelaire judged by his contemporaries (1845-1867)
            </title>
        </titleInfo>
        <name type = "personal">
            <namePart>
                Bandy, William Thomas
            </namePart>
            <role>
                <roleTerm type = "text">author</roleTerm>
            </role>
        </name>
        <originInfo>
            <place>
                <placeTerm type = "text">New York</placeTerm>
            </place>
            <publisher>
                Columbia University Press
            </publisher>
            <dateIssued>
                1933
            </dateIssued>
            <dateCaptured>
                03/07/2002
            </dateCaptured>
            <dateModified>
                03/08/2002
            </dateModified>
        </originInfo>
        <part>
            <extent unit = "pages">
                <start>
                    176--179
                </start>
                <end>
                    176--179
                </end>
            </extent>
        </part>
        <genre>
            Book
        </genre>
        <relatedItem type = "series">
            <titleInfo>
                <title>
                    Publications of the Institute of French Studies, Inc.
                </title>
            </titleInfo>
        </relatedItem>
    </relatedItem>
</mods>