﻿<?xml version= "1.0" encoding="UTF-8"?>
<mods xmlns:xlink="http://www.w3.org/1999/xlink" xmlns:xsi="http://www.w3.org/2001/XMLSchema-instance" xmlns="http://www.loc.gov/mods/v3" version="3.6" xsi:schemaLocation="http://www.loc.gov/mods/v3 http://www.loc.gov/standards/mods/v3/mods-3-6.xsd">
    <identifier displayLabel = "record number" type = "local">
        10379
    </identifier>
    <originInfo>
        <dateCaptured>
            08/16/1999
        </dateCaptured>
        <dateModified>
            03/08/2002
        </dateModified>
    </originInfo>
    <subject>
        <temporal point = "start">
            10/01/1864
        </temporal>
        <temporal point = "end">
            10/31/1864
        </temporal>
    </subject>
    <note type = "poggenburg date">
        X 64
    </note>
    <note type = "journal content">
        De Tournon, Mallarmé envoie à Villiers et à Mendès un exemplaire de La Fanfarlo, qu'ils lisent avec plaisir {1}.
    </note>
    <relatedItem type = "references">
        <identifier displayLabel = "bibliographic abbreviation" type = "local">
            Villiers
        </identifier>
        <titleInfo>
            <title>
                Correspondance générale et documents inédits. Ed. recueillie, classée et présentée par Joseph Bollery
            </title>
        </titleInfo>
        <name type = "personal">
            <namePart>
                Villiers de l'Isle-Adam, Jean-Marie
            </namePart>
            <role>
                <roleTerm type = "text">author</roleTerm>
            </role>
        </name>
        <name type = "personal">
            <namePart>
                Bollery, Joseph
            </namePart>
            <role>
                <roleTerm type = "text">editor</roleTerm>
            </role>
        </name>
        <originInfo>
            <place>
                <placeTerm type = "text">Paris</placeTerm>
            </place>
            <publisher>
                Mercure de France
            </publisher>
            <dateIssued>
                1962
            </dateIssued>
            <dateCaptured>
                03/07/2002
            </dateCaptured>
            <dateModified>
                03/08/2002
            </dateModified>
        </originInfo>
        <part>
            <extent unit = "pages">
                <start>
                    I:75
                </start>
                <end>
                    I:75
                </end>
            </extent>
        </part>
        <genre>
            Book
        </genre>
    </relatedItem>
</mods>