﻿<?xml version= "1.0" encoding="UTF-8"?>
<mods xmlns:xlink="http://www.w3.org/1999/xlink" xmlns:xsi="http://www.w3.org/2001/XMLSchema-instance" xmlns="http://www.loc.gov/mods/v3" version="3.6" xsi:schemaLocation="http://www.loc.gov/mods/v3 http://www.loc.gov/standards/mods/v3/mods-3-6.xsd">
    <identifier displayLabel = "record number" type = "local">
        10393
    </identifier>
    <originInfo>
        <dateCaptured>
            08/16/1999
        </dateCaptured>
        <dateModified>
            03/08/2002
        </dateModified>
    </originInfo>
    <subject>
        <temporal point = "start">
            11/03/1864
        </temporal>
        <temporal point = "end">
            11/03/1864
        </temporal>
    </subject>
    <note type = "poggenburg date">
        3 XI 64
    </note>
    <note type = "journal content">
        Baudelaire explique à Mme Aupick les affaires relatives à la publication de ses ouvrages.  La lettre doit arriver le jour de leur fête {1}.  A Henry de La Madelène, qui vient de prendre la direction de  laNouvelle Revue de Paris, Baudelaire offre quelques poèmes en prose à publier.  Il lui demande  de voir si Julien Lemer pourrait prendre en charge ses affaires littéraires.  Adrien [Tournachon?] vient d'offrir à Baudelaire la brochure de La Madelène: Eugène Delacroix à l'Exposition du boulevard des Italiens, A. Lainé, éd., 1864.  En le lisant, Baudelaire remarque que l'auteur voue une grande admiration  à Delacroix. Baudelaire envoie ses amitiés à leurs amis Manet, Lejosne et Bracquemond {2}.
    </note>
    <relatedItem type = "references">
        <identifier displayLabel = "bibliographic abbreviation" type = "local">
            CPl II
        </indentifier>
        <titleInfo>
            <title>
                Correspondance: Tome II (mars 1860-mars 1866). Texte établi, présenté et annoté par Claude Pichois avec la collaboration de Jean Ziegler
            </title>
        </titleInfo>
        <name type = "personal">
            <namePart>
                Baudelaire, Charles
            </namePart>
            <role>
                <roleTerm type = "text">author</roleTerm>
            </role>
        </name>
        <name type = "personal">
            <namePart>
                Pichois, Claude
            </namePart>
            <role>
                <roleTerm type = "text">editor</roleTerm>
            </role>
        </name>
        <name type = "personal">
            <namePart>
                Ziegler, Jean
            </namePart>
            <role>
                <roleTerm type = "text">editor</roleTerm>
            </role>
        </name>
        <name type = "personal">
            <namePart>
                Ziegler, Jean
            </namePart>
            <role>
                <roleTerm type = "text">editor</roleTerm>
            </role>
        </name>
        <originInfo>
            <place>
                <placeTerm type = "text">Paris</placeTerm>
            </place>
            <publisher>
                Gallimard
            </publisher>
            <dateIssued>
                1973
            </dateIssued>
            <dateCaptured>
                03/07/2002
            </dateCaptured>
            <dateModified>
                03/07/2002
            </dateModified>
        </originInfo>
        <part>
            <extent unit = "pages">
                <start>
                    416
                </start>
                <end>
                    416
                </end>
            </extent>
        </part>
        <genre>
            Book
        </genre>
        <relatedItem type = "series">
            <titleInfo>
                <title>
                    Bibliothèque de la Pléiade
                </title>
            </titleInfo>
        </relatedItem>
    </relatedItem>
    <relatedItem type = "references">
        <identifier displayLabel = "bibliographic abbreviation" type = "local">
            CPl II
        </indentifier>
        <titleInfo>
            <title>
                Correspondance: Tome II (mars 1860-mars 1866). Texte établi, présenté et annoté par Claude Pichois avec la collaboration de Jean Ziegler
            </title>
        </titleInfo>
        <name type = "personal">
            <namePart>
                Baudelaire, Charles
            </namePart>
            <role>
                <roleTerm type = "text">author</roleTerm>
            </role>
        </name>
        <name type = "personal">
            <namePart>
                Pichois, Claude
            </namePart>
            <role>
                <roleTerm type = "text">editor</roleTerm>
            </role>
        </name>
        <name type = "personal">
            <namePart>
                Ziegler, Jean
            </namePart>
            <role>
                <roleTerm type = "text">editor</roleTerm>
            </role>
        </name>
        <name type = "personal">
            <namePart>
                Ziegler, Jean
            </namePart>
            <role>
                <roleTerm type = "text">editor</roleTerm>
            </role>
        </name>
        <originInfo>
            <place>
                <placeTerm type = "text">Paris</placeTerm>
            </place>
            <publisher>
                Gallimard
            </publisher>
            <dateIssued>
                1973
            </dateIssued>
            <dateCaptured>
                03/07/2002
            </dateCaptured>
            <dateModified>
                03/07/2002
            </dateModified>
        </originInfo>
        <part>
            <extent unit = "pages">
                <start>
                    417
                </start>
                <end>
                    417
                </end>
            </extent>
        </part>
        <genre>
            Book
        </genre>
        <relatedItem type = "series">
            <titleInfo>
                <title>
                    Bibliothèque de la Pléiade
                </title>
            </titleInfo>
        </relatedItem>
    </relatedItem>
</mods>