﻿<?xml version= "1.0" encoding="UTF-8"?>
<mods xmlns:xlink="http://www.w3.org/1999/xlink" xmlns:xsi="http://www.w3.org/2001/XMLSchema-instance" xmlns="http://www.loc.gov/mods/v3" version="3.6" xsi:schemaLocation="http://www.loc.gov/mods/v3 http://www.loc.gov/standards/mods/v3/mods-3-6.xsd">
    <identifier displayLabel = "record number" type = "local">
        10400
    </identifier>
    <originInfo>
        <dateCaptured>
            08/16/1999
        </dateCaptured>
        <dateModified>
            03/08/2002
        </dateModified>
    </originInfo>
    <subject>
        <temporal point = "start">
            11/13/1864
        </temporal>
        <temporal point = "end">
            11/13/1864
        </temporal>
    </subject>
    <note type = "poggenburg date">
        13 XI 64
    </note>
    <note type = "journal content">
        Poulet-Malassis écrit à Spoelberch de Lovenjoul à propos de L'Anglais mangeur d'opium, de De Quincey, traduit par Alfred De Musset. Il explique que ce livre est rare, mais qu'il a trouvé  un exemplaire (Lovenjoul est à sa recherche) appartenant à Hedouin (pseudonyme Karcher).  Poulet-Malassis transmet à Lovenjoul le jugement de Baudelaire, qui estime que Musset a donné une traduction très insuffisante de l'ouvrage que Baudelaire a trouvé sur les quais {1}.
    </note>
    <relatedItem type = "references">
        <identifier displayLabel = "bibliographic abbreviation" type = "local">
            Pichois A
        </indentifier>
        <titleInfo>
            <title>
                Autour des Paradis artificiels: Baudelaire, Musset et De Quincey
            </title>
        </titleInfo>
        <name type = "personal">
            <namePart>
                Pichois, Claude
            </namePart>
            <role>
                <roleTerm type = "text">author</roleTerm>
            </role>
        </name>
        <originInfo>
            <dateIssued>
                1952
            </dateIssued>
            <dateCaptured>
                03/07/2002
            </dateCaptured>
            <dateModified>
                03/07/2002
            </dateModified>
        </originInfo>
        <genre>
            Article
        </genre>
        <relatedItem type = "host">
            <titleInfo>
                <title>Le Goéland<title>
            </titleInfo>
            <part>
                <detail type = "issue">
                    <number>avril-juin</number>
                    <caption>issue</caption>
                </detail>
                <date>04/01/1952</date>
            </part>
        </relatedItem>
        <note type = "source note">
            PAGES?
        </note>
    </relatedItem>
</mods>