﻿<?xml version= "1.0" encoding="UTF-8"?>
<mods xmlns:xlink="http://www.w3.org/1999/xlink" xmlns:xsi="http://www.w3.org/2001/XMLSchema-instance" xmlns="http://www.loc.gov/mods/v3" version="3.6" xsi:schemaLocation="http://www.loc.gov/mods/v3 http://www.loc.gov/standards/mods/v3/mods-3-6.xsd">
    <identifier displayLabel = "record number" type = "local">
        10405
    </identifier>
    <originInfo>
        <dateCaptured>
            08/16/1999
        </dateCaptured>
        <dateModified>
            03/08/2002
        </dateModified>
    </originInfo>
    <subject>
        <temporal point = "start">
            11/16/1864
        </temporal>
        <temporal point = "end">
            11/16/1864
        </temporal>
    </subject>
    <note type = "poggenburg date">
        16 XI 64
    </note>
    <note type = "journal content">
        Baudelaire dîne chez Poulet-Malassis {1}.  Dans le Nain jaune, Paul Mahalin fait des remarques sur les préoccupations métaphysiques de Baudelaire {2}.
    </note>
    <relatedItem type = "references">
        <identifier displayLabel = "bibliographic abbreviation" type = "local">
            Pichois H
        </indentifier>
        <titleInfo>
            <title>
                Autour de La Fanfarlo: Baudelaire, Balzac et Marie Daubrun
            </title>
        </titleInfo>
        <name type = "personal">
            <namePart>
                Pichois, Claude
            </namePart>
            <role>
                <roleTerm type = "text">author</roleTerm>
            </role>
        </name>
        <originInfo>
            <dateIssued>
                1956
            </dateIssued>
            <dateCaptured>
                03/07/2002
            </dateCaptured>
            <dateModified>
                03/07/2002
            </dateModified>
        </originInfo>
        <part>
            <extent unit = "pages">
                <start>
                    271
                </start>
                <end>
                    271
                </end>
            </extent>
        </part>
        <genre>
            Article
        </genre>
        <relatedItem type = "host">
            <titleInfo>
                <title>Mercure de France<title>
            </titleInfo>
            <part>
                <detail type = "volume">
                    <number>328</number>
                    <caption>volume</caption>
                </detail>
                <detail type = "number">
                    <number>1120</number>
                    <caption>number</caption>
                </detail>
                <extent unit = "page">
                    <start>
                        604
                    </start>
                    <end>
                        636
                    </end>
                </extent>
                <date>01/01/1956</date>
            </part>
        </relatedItem>
    </relatedItem>
    <relatedItem type = "references">
        <identifier displayLabel = "bibliographic abbreviation" type = "local">
            T
        </indentifier>
        <titleInfo>
            <title>
                Texte vu
            </title>
        </titleInfo>
        <name type = "personal">
            <namePart>
                ***
            </namePart>
            <role>
                <roleTerm type = "text">author</roleTerm>
            </role>
        </name>
        <originInfo>
            <dateIssued>
                ***
            </dateIssued>
            <dateCaptured>
                03/07/2002
            </dateCaptured>
            <dateModified>
                03/07/2002
            </dateModified>
        </originInfo>
        <genre>
            Other
        </genre>
        <note type = "source note">
            TITLE?
        </note>
    </relatedItem>
</mods>