﻿<?xml version= "1.0" encoding="UTF-8"?>
<mods xmlns:xlink="http://www.w3.org/1999/xlink" xmlns:xsi="http://www.w3.org/2001/XMLSchema-instance" xmlns="http://www.loc.gov/mods/v3" version="3.6" xsi:schemaLocation="http://www.loc.gov/mods/v3 http://www.loc.gov/standards/mods/v3/mods-3-6.xsd">
    <identifier displayLabel = "record number" type = "local">
        10415
    </identifier>
    <originInfo>
        <dateCaptured>
            08/16/1999
        </dateCaptured>
        <dateModified>
            03/08/2002
        </dateModified>
    </originInfo>
    <subject>
        <temporal point = "start">
            11/28/1864
        </temporal>
        <temporal point = "end">
            11/28/1864
        </temporal>
    </subject>
    <note type = "poggenburg date">
        fin XI 64
    </note>
    <note type = "journal content">
        Henry de La Madelène explique à Baudelaire qu'il est impossible de lui envoyer d'épreuves à corriger de ses poèmes en prose, car l'intervalle entre le jeudi,  jour de tirage de la Nouvelle Revue de Paris, et le dimanche, jour de sa mise en vente,  est trop bref pour permettre leur envoi à Bruxelles {1}.
    </note>
    <relatedItem type = "references">
        <identifier displayLabel = "bibliographic abbreviation" type = "local">
            LAB
        </identifier>
        <titleInfo>
            <title>
                Lettres à Charles Baudelaire
            </title>
        </titleInfo>
        <name type = "personal">
            <namePart>
                Pichois, Claude
            </namePart>
            <role>
                <roleTerm type = "text">author</roleTerm>
            </role>
        </name>
        <originInfo>
            <place>
                <placeTerm type = "text">Neuchâtel</placeTerm>
            </place>
            <publisher>
                Éditions la Baconnière
            </publisher>
            <dateIssued>
                1973
            </dateIssued>
            <dateCaptured>
                03/07/2002
            </dateCaptured>
            <dateModified>
                03/08/2002
            </dateModified>
        </originInfo>
        <part>
            <extent unit = "pages">
                <start>
                    205
                </start>
                <end>
                    205
                </end>
            </extent>
        </part>
        <genre>
            Book
        </genre>
        <relatedItem type = "series">
            <titleInfo>
                <title>
                    Études Baudelairiennes: nouvelles séries
                </title>
            </titleInfo>
            <part>
                <detail type = "number">
                    <number>4</number>
                    <caption>number</caption>
                </detail>
            </part>
        </relatedItem>
    </relatedItem>
</mods>