﻿<?xml version= "1.0" encoding="UTF-8"?>
<mods xmlns:xlink="http://www.w3.org/1999/xlink" xmlns:xsi="http://www.w3.org/2001/XMLSchema-instance" xmlns="http://www.loc.gov/mods/v3" version="3.6" xsi:schemaLocation="http://www.loc.gov/mods/v3 http://www.loc.gov/standards/mods/v3/mods-3-6.xsd">
    <identifier displayLabel = "record number" type = "local">
        10426
    </identifier>
    <originInfo>
        <dateCaptured>
            08/16/1999
        </dateCaptured>
        <dateModified>
            03/08/2002
        </dateModified>
    </originInfo>
    <subject>
        <temporal point = "start">
            12/25/1864
        </temporal>
        <temporal point = "end">
            12/25/1864
        </temporal>
    </subject>
    <note type = "poggenburg date">
        25 XII 64
    </note>
    <note type = "journal content">
        La Nouvelle Revue de Paris publie six poèmes en prose: Les Yeux des pauvres; Les Projets; Le Port; Le Miroir; La Solitude; La Fausse Monnaie.  Le Port et Le Miroir sont inédits {1}. Dans Figaro, Jean Rousseau donne une anecdote sur Baudelaire et Mme Stoltz {2}.
    </note>
    <relatedItem type = "references">
        <identifier displayLabel = "bibliographic abbreviation" type = "local">
            PPP
        </indentifier>
        <titleInfo>
            <title>
                Petits Poèmes en prose. (Le Spleen de Paris). Le Jeune Enchanteur
            </title>
        </titleInfo>
        <name type = "personal">
            <namePart>
                Baudelaire, Charles
            </namePart>
            <role>
                <roleTerm type = "text">author</roleTerm>
            </role>
        </name>
        <originInfo>
            <publisher>
                Éditions Louis Conard
            </publisher>
            <dateIssued>
                1926
            </dateIssued>
            <dateCaptured>
                03/07/2002
            </dateCaptured>
            <dateModified>
                03/07/2002
            </dateModified>
        </originInfo>
        <part>
            <extent unit = "pages">
                <start>
                    267
                </start>
                <end>
                    267
                </end>
            </extent>
        </part>
        <genre>
            Book
        </genre>
    </relatedItem>
    <relatedItem type = "references">
        <identifier displayLabel = "bibliographic abbreviation" type = "local">
            T
        </indentifier>
        <titleInfo>
            <title>
                Texte vu
            </title>
        </titleInfo>
        <name type = "personal">
            <namePart>
                ***
            </namePart>
            <role>
                <roleTerm type = "text">author</roleTerm>
            </role>
        </name>
        <originInfo>
            <dateIssued>
                ***
            </dateIssued>
            <dateCaptured>
                03/07/2002
            </dateCaptured>
            <dateModified>
                03/07/2002
            </dateModified>
        </originInfo>
        <genre>
            Other
        </genre>
        <note type = "source note">
            TITLE?
        </note>
    </relatedItem>
</mods>