﻿<?xml version= "1.0" encoding="UTF-8"?>
<mods xmlns:xlink="http://www.w3.org/1999/xlink" xmlns:xsi="http://www.w3.org/2001/XMLSchema-instance" xmlns="http://www.loc.gov/mods/v3" version="3.6" xsi:schemaLocation="http://www.loc.gov/mods/v3 http://www.loc.gov/standards/mods/v3/mods-3-6.xsd">
    <identifier displayLabel = "record number" type = "local">
        10428
    </identifier>
    <originInfo>
        <dateCaptured>
            08/16/1999
        </dateCaptured>
        <dateModified>
            03/08/2002
        </dateModified>
    </originInfo>
    <subject>
        <temporal point = "start">
            12/28/1864
        </temporal>
        <temporal point = "end">
            12/28/1864
        </temporal>
    </subject>
    <note type = "poggenburg date">
        28 XII 64
    </note>
    <note type = "journal content">
        Alexandre Weill fait au Cercle artistique et littéraire une conférence sur "Les Origines de la science moderne" {1}.
    </note>
    <relatedItem type = "references">
        <identifier displayLabel = "bibliographic abbreviation" type = "local">
            Blin B
        </identifier>
        <titleInfo>
            <title>
                Baudelaire et Alexandre Weill
            </title>
        </titleInfo>
        <name type = "personal">
            <namePart>
                Blin, Georges
            </namePart>
            <role>
                <roleTerm type = "text">author</roleTerm>
            </role>
        </name>
        <originInfo>
            <dateIssued>
                1963
            </dateIssued>
            <dateCaptured>
                03/07/2002
            </dateCaptured>
            <dateModified>
                03/07/2002
            </dateModified>
        </originInfo>
        <part>
            <extent unit = "pages">
                <start>
                    40
                </start>
                <end>
                    40
                </end>
            </extent>
        </part>
        <genre>
            Article
        </genre>
        <relatedItem type = "host">
            <titleInfo>
                <title>Revue d'Histoire Littéraire de la France</title>
            </titleInfo>
            <part>
                <detail type = "volume">
                    <number>63</number>
                    <caption>volume</caption>
                </detail>
                <detail type = "issue">
                    <number>1</number>
                    <caption>issue</caption>
                </detail>
                <extent unit = "page">
                    <start>
                        28
                    </start>
                    <end>
                        45
                    </end>
                </extent>
                <date>01/01/1963</date>
            </part>
        </relatedItem>
    </relatedItem>
</mods>