﻿<?xml version= "1.0" encoding="UTF-8"?>
<mods xmlns:xlink="http://www.w3.org/1999/xlink" xmlns:xsi="http://www.w3.org/2001/XMLSchema-instance" xmlns="http://www.loc.gov/mods/v3" version="3.6" xsi:schemaLocation="http://www.loc.gov/mods/v3 http://www.loc.gov/standards/mods/v3/mods-3-6.xsd">
    <identifier displayLabel = "record number" type = "local">
        10422
    </identifier>
    <originInfo>
        <dateCaptured>
            08/16/1999
        </dateCaptured>
        <dateModified>
            03/08/2002
        </dateModified>
    </originInfo>
    <subject>
        <temporal point = "start">
            12/21/1864
        </temporal>
        <temporal point = "end">
            12/31/1865
        </temporal>
    </subject>
    <note type = "poggenburg date">
        hiver 64-65
    </note>
    <note type = "journal content">
        Baudelaire fréquente le Cercle artistique et littéraire, en compagnie des artistes et des écrivains qui y tiennent leurs assises {1}.
    </note>
    <relatedItem type = "references">
        <identifier displayLabel = "bibliographic abbreviation" type = "local">
            Charlier
        </indentifier>
        <titleInfo>
            <title>
                Passages: Essais
            </title>
        </titleInfo>
        <name type = "personal">
            <namePart>
                Charlier, Gustave
            </namePart>
            <role>
                <roleTerm type = "text">author</roleTerm>
            </role>
        </name>
        <originInfo>
            <place>
                <placeTerm type = "text">Brussels</placeTerm>
            </place>
            <publisher>
                La Renaissance du Livre
            </publisher>
            <dateIssued>
                1947
            </dateIssued>
            <dateCaptured>
                03/07/2002
            </dateCaptured>
            <dateModified>
                03/07/2002
            </dateModified>
        </originInfo>
        <part>
            <extent unit = "pages">
                <start>
                    162
                </start>
                <end>
                    162
                </end>
            </extent>
        </part>
        <genre>
            Book
        </genre>
    </relatedItem>
</mods>