﻿<?xml version= "1.0" encoding="UTF-8"?>
<mods xmlns:xlink="http://www.w3.org/1999/xlink" xmlns:xsi="http://www.w3.org/2001/XMLSchema-instance" xmlns="http://www.loc.gov/mods/v3" version="3.6" xsi:schemaLocation="http://www.loc.gov/mods/v3 http://www.loc.gov/standards/mods/v3/mods-3-6.xsd">
    <identifier displayLabel = "record number" type = "local">
        10443
    </identifier>
    <originInfo>
        <dateCaptured>
            08/16/1999
        </dateCaptured>
        <dateModified>
            03/08/2002
        </dateModified>
    </originInfo>
    <subject>
        <temporal point = "start">
            01/04/1865
        </temporal>
        <temporal point = "end">
            01/04/1865
        </temporal>
    </subject>
    <note type = "poggenburg date">
        4 I 65
    </note>
    <note type = "journal content">
        Lejosne avertit Baudelaire que les feuilles imprimées de Marie Roget sont chez Noël Parfait, qui les tient à sa disposition. Lejosne transmet aussi les salutations du Dr  Mabira {1}.  Alexandre Weill fait sa seconde conférence sur les origines de la science moderne, au Cercle artistique et littéraire de Bruxelles {2}.
    </note>
    <relatedItem type = "references">
        <identifier displayLabel = "bibliographic abbreviation" type = "local">
            LAB
        </indentifier>
        <titleInfo>
            <title>
                Lettres à Charles Baudelaire
            </title>
        </titleInfo>
        <name type = "personal">
            <namePart>
                Pichois, Claude
            </namePart>
            <role>
                <roleTerm type = "text">author</roleTerm>
            </role>
        </name>
        <originInfo>
            <place>
                <placeTerm type = "text">Neuchâtel</placeTerm>
            </place>
            <publisher>
                Éditions la Baconnière
            </publisher>
            <dateIssued>
                1973
            </dateIssued>
            <dateCaptured>
                03/07/2002
            </dateCaptured>
            <dateModified>
                03/08/2002
            </dateModified>
        </originInfo>
        <part>
            <extent unit = "pages">
                <start>
                    209
                </start>
                <end>
                    209
                </end>
            </extent>
        </part>
        <genre>
            Book
        </genre>
        <relatedItem type = "series">
            <titleInfo>
                <title>
                    Études Baudelairiennes: nouvelles séries
                </title>
            </titleInfo>
            <part>
                <detail type = "number">
                    <number>4</number>
                    <caption>number</caption>
                </detail>
            </part>
        </relatedItem>
    </relatedItem>
    <relatedItem type = "references">
        <identifier displayLabel = "bibliographic abbreviation" type = "local">
            Blin B
        </indentifier>
        <titleInfo>
            <title>
                Baudelaire et Alexandre Weill
            </title>
        </titleInfo>
        <name type = "personal">
            <namePart>
                Blin, Georges
            </namePart>
            <role>
                <roleTerm type = "text">author</roleTerm>
            </role>
        </name>
        <originInfo>
            <dateIssued>
                1963
            </dateIssued>
            <dateCaptured>
                03/07/2002
            </dateCaptured>
            <dateModified>
                03/07/2002
            </dateModified>
        </originInfo>
        <part>
            <extent unit = "pages">
                <start>
                    40
                </start>
                <end>
                    40
                </end>
            </extent>
        </part>
        <genre>
            Article
        </genre>
        <relatedItem type = "host">
            <titleInfo>
                <title>Revue d'Histoire Littéraire de la France<title>
            </titleInfo>
            <part>
                <detail type = "volume">
                    <number>63</number>
                    <caption>volume</caption>
                </detail>
                <detail type = "issue">
                    <number>1</number>
                    <caption>issue</caption>
                </detail>
                <extent unit = "page">
                    <start>
                        28
                    </start>
                    <end>
                        45
                    </end>
                </extent>
                <date>01/01/1963</date>
            </part>
        </relatedItem>
    </relatedItem>
</mods>