﻿<?xml version= "1.0" encoding="UTF-8"?>
<mods xmlns:xlink="http://www.w3.org/1999/xlink" xmlns:xsi="http://www.w3.org/2001/XMLSchema-instance" xmlns="http://www.loc.gov/mods/v3" version="3.6" xsi:schemaLocation="http://www.loc.gov/mods/v3 http://www.loc.gov/standards/mods/v3/mods-3-6.xsd">
    <identifier displayLabel = "record number" type = "local">
        10483
    </identifier>
    <originInfo>
        <dateCaptured>
            08/16/1999
        </dateCaptured>
        <dateModified>
            03/08/2002
        </dateModified>
    </originInfo>
    <subject>
        <temporal point = "start">
            02/18/1865
        </temporal>
        <temporal point = "end">
            02/18/1865
        </temporal>
    </subject>
    <note type = "poggenburg date">
        18 II 65
    </note>
    <note type = "journal content">
        A Mme Paul Meurice, Baudelaire explique qu'il a lui-même donné à Lacroix l'idée de réediter Melmoth, de Maturin, il y a huit mois.  Il observe que cet éditeur aurait dû lui offrir le travail de traduction au lieu de le donner à Mlle Judith. Pourtant, l'idée de la traduction lui  fait peur, car elle risque d'être une perte de temps.  Il assure que ses traductions lui en ont fait perdre et que ses détracteurs affirment que sa poésie n'est qu'une imitation  de celle d'Edgar Allan Poe, alors qu'il n'a découvert cette poésie que dix ans après ses propres créations   poétiques.  Baudelaire présente Maturin comme un vieux romantique et  affirme qu'il est nécessaire d'être romantique soi-même pour le bien traduire, d'où l'incapacité de Mlle Judith à accomplir ce travail.  C'est pour cette raison qu'il n'envisagera jamais de collaborer avec elle.  Baudelaire trouve qu'en général, les traductions commandées par Lacroix et Verboeckhoven sont inférieures et "faites à l'économie".  Il cite en exemple le livre de Kinglake, Histoire de la guerre en Crimée, qu'il a brièvement examiné et où il a trouvé des contresens {1}.
    </note>
    <relatedItem type = "references">
        <identifier displayLabel = "bibliographic abbreviation" type = "local">
            CPl II
        </indentifier>
        <titleInfo>
            <title>
                Correspondance: Tome II (mars 1860-mars 1866). Texte établi, présenté et annoté par Claude Pichois avec la collaboration de Jean Ziegler
            </title>
        </titleInfo>
        <name type = "personal">
            <namePart>
                Baudelaire, Charles
            </namePart>
            <role>
                <roleTerm type = "text">author</roleTerm>
            </role>
        </name>
        <name type = "personal">
            <namePart>
                Pichois, Claude
            </namePart>
            <role>
                <roleTerm type = "text">editor</roleTerm>
            </role>
        </name>
        <name type = "personal">
            <namePart>
                Ziegler, Jean
            </namePart>
            <role>
                <roleTerm type = "text">editor</roleTerm>
            </role>
        </name>
        <name type = "personal">
            <namePart>
                Ziegler, Jean
            </namePart>
            <role>
                <roleTerm type = "text">editor</roleTerm>
            </role>
        </name>
        <originInfo>
            <place>
                <placeTerm type = "text">Paris</placeTerm>
            </place>
            <publisher>
                Gallimard
            </publisher>
            <dateIssued>
                1973
            </dateIssued>
            <dateCaptured>
                03/07/2002
            </dateCaptured>
            <dateModified>
                03/07/2002
            </dateModified>
        </originInfo>
        <part>
            <extent unit = "pages">
                <start>
                    466
                </start>
                <end>
                    466
                </end>
            </extent>
        </part>
        <genre>
            Book
        </genre>
        <relatedItem type = "series">
            <titleInfo>
                <title>
                    Bibliothèque de la Pléiade
                </title>
            </titleInfo>
        </relatedItem>
    </relatedItem>
</mods>