﻿<?xml version= "1.0" encoding="UTF-8"?>
<mods xmlns:xlink="http://www.w3.org/1999/xlink" xmlns:xsi="http://www.w3.org/2001/XMLSchema-instance" xmlns="http://www.loc.gov/mods/v3" version="3.6" xsi:schemaLocation="http://www.loc.gov/mods/v3 http://www.loc.gov/standards/mods/v3/mods-3-6.xsd">
    <identifier displayLabel = "record number" type = "local">
        10492
    </identifier>
    <originInfo>
        <dateCaptured>
            08/16/1999
        </dateCaptured>
        <dateModified>
            03/08/2002
        </dateModified>
    </originInfo>
    <subject>
        <temporal point = "start">
            02/28/1865
        </temporal>
        <temporal point = "end">
            02/28/1865
        </temporal>
    </subject>
    <note type = "poggenburg date">
        28 II 65
    </note>
    <note type = "journal content">
        Poulet-Malassis écrit à Banville, à propos de leurs projets de publication des ouvrages de ce poète.  Poulet-Malassis raconte qu'il a dîné avec Baudelaire, qui étudie "la Belgique constitutionnelle". Ils ont parlé de Banville, d'Asselineau et "même du méchant Asselineau" {1}.
    </note>
    <relatedItem type = "references">
        <identifier displayLabel = "bibliographic abbreviation" type = "local">
            Laurin 2
        </indentifier>
        <titleInfo>
            <title>
                ***
            </title>
        </titleInfo>
        <name type = "personal">
            <namePart>
                ***
            </namePart>
            <role>
                <roleTerm type = "text">author</roleTerm>
            </role>
        </name>
        <originInfo>
            <dateIssued>
                ***
            </dateIssued>
            <dateCaptured>
                03/07/2002
            </dateCaptured>
            <dateModified>
                03/07/2002
            </dateModified>
        </originInfo>
        <genre>
            Catalog
        </genre>
        <note type = "source note">
            TITLE? Auction date?
        </note>
    </relatedItem>
</mods>