﻿<?xml version= "1.0" encoding="UTF-8"?>
<mods xmlns:xlink="http://www.w3.org/1999/xlink" xmlns:xsi="http://www.w3.org/2001/XMLSchema-instance" xmlns="http://www.loc.gov/mods/v3" version="3.6" xsi:schemaLocation="http://www.loc.gov/mods/v3 http://www.loc.gov/standards/mods/v3/mods-3-6.xsd">
    <identifier>
        10009
    </identifier>
    <originInfo>
        <dateCaptured>
            8/16/1999
        </dateCaptured>
        <dateModified>
            3/8/2002
        </dateModified>
    </originInfo>
    <subject>
        <temporal point = "start">
            2/8/1863
        </temporal>
        <temporal point = "end">
            2/8/1863
        </temporal>
    </subject>
    <note type = "poggenburg date">
        8 II 63
    </note>
    <note type = "journal content">
        Dans le Boulevard, Fortuné Calmels appelle Baudelaire le "chantre de cette odyssée tragique de l'homme luttant contre un destin inéluctable" {1}. Ce même journal publie à nouveau la réclame pour des exemplaires soldés du poète {2}  Dans le Tintamarre, Commerson cite deux vers absurdes, en jurant qu'ils ne sont pas de Baudelaire.  Mercier décrit comme "risquée" la candidature de Baudelaire et Rossignol imagine le titre d'une chanson: Le Fromage qui remue, dont les paroles seraient de Baudelaire et la musique de Wagner {3}.
    </note>
    <relatedItem type = "references">
        <note type = "internal reference code">
            BJ
        </note>
        <titleInfo>
            <title>
                Baudelaire judged by his contemporaries (1845-1867)
            </title>
        </titleInfo>
        <name type = "personal">
            <namePart>
                Bandy, William Thomas
            </namePart>
            <role>
                <roleTerm type= "text">author</roleTerm>
            </role>
        </name>
        <originInfo>
            <place>
                <placeTerm>New York</placeTerm>
            </place>
            <publisher>Columbia University Press</publisher>
            <dateIssued>1933</dateIssued>
            <dateCaptured>
                3/7/2002
            </dateCaptured>
            <dateModified>
                3/8/2002
            </dateModified>
        </originInfo>
        <part>
            <extent unit = "pages">
                <start>
                    62
                </start>
                <end>
                    62
                </end>
            </extent>
        </part>
        <genre>
            Book
        </genre>
        <relatedItem type = "series">
            <titleInfo>
                <title>
                    Publications of the Institute of French Studies, Inc.
                </title>
            </titleInfo>
        </relatedItem>
    </relatedItem>
    <relatedItem type = "references">
        <note type = "internal reference code">
            T
        </note>
        <titleInfo>
            <title>
                Texte vu
            </title>
        </titleInfo>
        <name type = "personal">
            <namePart>
                ***
            </namePart>
            <role>
                <roleTerm type= "text">author</roleTerm>
            </role>
        </name>
        <originInfo>
            <dateIssued>***</dateIssued>
            <dateCaptured>
                3/7/2002
            </dateCaptured>
            <dateModified>
                3/7/2002
            </dateModified>
        </originInfo>
        <genre>
            Other
        </genre>
    </relatedItem>
    <relatedItem type = "references">
        <note type = "internal reference code">
            T
        </note>
        <titleInfo>
            <title>
                Texte vu
            </title>
        </titleInfo>
        <name type = "personal">
            <namePart>
                ***
            </namePart>
            <role>
                <roleTerm type= "text">author</roleTerm>
            </role>
        </name>
        <originInfo>
            <dateIssued>***</dateIssued>
            <dateCaptured>
                3/7/2002
            </dateCaptured>
            <dateModified>
                3/7/2002
            </dateModified>
        </originInfo>
        <genre>
            Other
        </genre>
    </relatedItem>
</mods>