﻿<?xml version= "1.0" encoding="UTF-8"?>
<mods xmlns:xlink="http://www.w3.org/1999/xlink" xmlns:xsi="http://www.w3.org/2001/XMLSchema-instance" xmlns="http://www.loc.gov/mods/v3" version="3.6" xsi:schemaLocation="http://www.loc.gov/mods/v3 http://www.loc.gov/standards/mods/v3/mods-3-6.xsd">
    <identifier>
        10007
    </identifier>
    <originInfo>
        <dateCaptured>
            8/16/1999
        </dateCaptured>
        <dateModified>
            3/8/2002
        </dateModified>
    </originInfo>
    <subject>
        <temporal point = "start">
            2/1/1863
        </temporal>
        <temporal point = "end">
            2/28/1863
        </temporal>
    </subject>
    <note type = "poggenburg date">
        II 63
    </note>
    <note type = "journal content">
        La Galerie Martinet expose La Musique aux Tuileries, tableau de Manet qui fait scandale {1}.  Lola de Valence, tableau de Manet, y est exposé en même temps, avec une strophe de Baudelaire ("Entre tant de beautés...") écrite sur un cartel fixé au cadre {2}.
    </note>
    <relatedItem type = "references">
        <note type = "internal reference code">
            Tabarant A
        </note>
        <titleInfo>
            <title>
                Manet. Histoire catalographique
            </title>
        </titleInfo>
        <name type = "personal">
            <namePart>
                Tabarant, Adolphe
            </namePart>
            <role>
                <roleTerm type= "text">author</roleTerm>
            </role>
        </name>
        <originInfo>
            <publisher>Montaigne</publisher>
            <dateIssued>1931</dateIssued>
            <dateCaptured>
                3/7/2002
            </dateCaptured>
            <dateModified>
                3/7/2002
            </dateModified>
        </originInfo>
        <part>
            <extent unit = "pages">
                <start>
                    53
                </start>
                <end>
                    53
                </end>
            </extent>
        </part>
        <genre>
            Book
        </genre>
    </relatedItem>
    <relatedItem type = "references">
        <note type = "internal reference code">
            P-Z
        </note>
        <titleInfo>
            <title>
                Baudelaire
            </title>
        </titleInfo>
        <name type = "personal">
            <namePart>
                Pichois, Claude
            </namePart>
            <role>
                <roleTerm type= "text">author</roleTerm>
            </role>
        </name>
        <name type = "personal">
            <namePart>
                Ziegler, Jean
            </namePart>
            <role>
                <roleTerm type= "text">author</roleTerm>
            </role>
        </name>
        <originInfo>
            <place>
                <placeTerm>Paris</placeTerm>
            </place>
            <publisher>Julliard</publisher>
            <dateIssued>1987</dateIssued>
            <dateCaptured>
                3/7/2002
            </dateCaptured>
            <dateModified>
                3/7/2002
            </dateModified>
        </originInfo>
        <part>
            <extent unit = "pages">
                <start>
                    431
                </start>
                <end>
                    431
                </end>
            </extent>
        </part>
        <genre>
            Book
        </genre>
    </relatedItem>
</mods>