﻿<?xml version= "1.0" encoding="UTF-8"?>
<mods xmlns:xlink="http://www.w3.org/1999/xlink" xmlns:xsi="http://www.w3.org/2001/XMLSchema-instance" xmlns="http://www.loc.gov/mods/v3" version="3.6" xsi:schemaLocation="http://www.loc.gov/mods/v3 http://www.loc.gov/standards/mods/v3/mods-3-6.xsd">
    <identifier>
        10002
    </identifier>
    <originInfo>
        <dateCaptured>
            8/16/1999
        </dateCaptured>
        <dateModified>
            3/8/2002
        </dateModified>
    </originInfo>
    <subject>
        <temporal point = "start">
            1/17/1863
        </temporal>
        <temporal point = "end">
            1/17/1863
        </temporal>
    </subject>
    <note type = "poggenburg date">
        17 I 63
    </note>
    <note type = "journal content">
        La Bibliographie de la France enregistre la publication par Faure du recueil d'Albert Mérat et Léon Valade, Avril, mai, juin.  André Cappelle, dans la préface de ce volume, estime que Banville et Baudelaire sont les deux poètes principaux de l'époque actuelle; il exprime  pourtant des réserves quant à leur envergure poétique.  Cette préface est signée: Andrieux. Un sonnet d'Albert Mérat, A Charles Baudelaire, y critique le goût de ce poète pour les "breuvages visqueux et [les] cadavres verts". {1} Ce même jour, la Bibliographie de la France enregistre la troisième édition des Nouvelles Histoires extraordinaires {2}.
    </note>
    <relatedItem type = "references">
        <note type = "internal reference code">
            T
        </note>
        <titleInfo>
            <title>
                Texte vu
            </title>
        </titleInfo>
        <name type = "personal">
            <namePart>
                ***
            </namePart>
            <role>
                <roleTerm type= "text">author</roleTerm>
            </role>
        </name>
        <originInfo>
            <dateIssued>***</dateIssued>
            <dateCaptured>
                3/7/2002
            </dateCaptured>
            <dateModified>
                3/7/2002
            </dateModified>
        </originInfo>
        <genre>
            Other
        </genre>
    </relatedItem>
    <relatedItem type = "references">
        <note type = "internal reference code">
            T
        </note>
        <titleInfo>
            <title>
                Texte vu
            </title>
        </titleInfo>
        <name type = "personal">
            <namePart>
                ***
            </namePart>
            <role>
                <roleTerm type= "text">author</roleTerm>
            </role>
        </name>
        <originInfo>
            <dateIssued>***</dateIssued>
            <dateCaptured>
                3/7/2002
            </dateCaptured>
            <dateModified>
                3/7/2002
            </dateModified>
        </originInfo>
        <genre>
            Other
        </genre>
    </relatedItem>
</mods>