﻿<?xml version= "1.0" encoding="UTF-8"?>
<mods xmlns:xlink="http://www.w3.org/1999/xlink" xmlns:xsi="http://www.w3.org/2001/XMLSchema-instance" xmlns="http://www.loc.gov/mods/v3" version="3.6" xsi:schemaLocation="http://www.loc.gov/mods/v3 http://www.loc.gov/standards/mods/v3/mods-3-6.xsd">
    <identifier>
        10025
    </identifier>
    <originInfo>
        <dateCaptured>
            8/16/1999
        </dateCaptured>
        <dateModified>
            3/8/2002
        </dateModified>
    </originInfo>
    <subject>
        <temporal point = "start">
            3/9/1863
        </temporal>
        <temporal point = "end">
            3/9/1863
        </temporal>
    </subject>
    <note type = "poggenburg date">
        9 III 63
    </note>
    <note type = "journal content">
        Lettre (perdue) d'Hetzel à Baudelaire à propos du  Spleen de Paris.  Hetzel invite Baudelaire à venir le voir le 20 {1}.
    </note>
    <relatedItem type = "references">
        <note type = "internal reference code">
            Parménié
        </note>
        <titleInfo>
            <title>
                Histoire d'un E?diteur et de ses Auteurs: P.-J. Hetzel (Stahl)
            </title>
        </titleInfo>
        <name type = "personal">
            <namePart>
                Parménié, A.
            </namePart>
            <role>
                <roleTerm type= "text">author</roleTerm>
            </role>
        </name>
        <name type = "personal">
            <namePart>
                Bonnier de la Chapelle, C.
            </namePart>
            <role>
                <roleTerm type= "text">author</roleTerm>
            </role>
        </name>
        <originInfo>
            <place>
                <placeTerm>Paris</placeTerm>
            </place>
            <publisher>E?ditions Albin Michel</publisher>
            <dateIssued>1954</dateIssued>
            <dateCaptured>
                3/7/2002
            </dateCaptured>
            <dateModified>
                3/8/2002
            </dateModified>
        </originInfo>
        <part>
            <extent unit = "pages">
                <start>
                    409
                </start>
                <end>
                    409
                </end>
            </extent>
        </part>
        <genre>
            Book
        </genre>
    </relatedItem>
</mods>