﻿<?xml version= "1.0" encoding="UTF-8"?>
<mods xmlns:xlink="http://www.w3.org/1999/xlink" xmlns:xsi="http://www.w3.org/2001/XMLSchema-instance" xmlns="http://www.loc.gov/mods/v3" version="3.6" xsi:schemaLocation="http://www.loc.gov/mods/v3 http://www.loc.gov/standards/mods/v3/mods-3-6.xsd">
    <identifier>
        10028
    </identifier>
    <originInfo>
        <dateCaptured>
            8/16/1999
        </dateCaptured>
        <dateModified>
            3/8/2002
        </dateModified>
    </originInfo>
    <subject>
        <temporal point = "start">
            3/14/1863
        </temporal>
        <temporal point = "end">
            3/14/1863
        </temporal>
    </subject>
    <note type = "poggenburg date">
        14 III 63
    </note>
    <note type = "journal content">
        La Bibliographie de la France enregistre la réimpression des Nouveaux Lundis de Sainte-Beuve.  On y publie "Des Prochaines Elections à l'Académie", où Baudelaire est mentionné {1}.  Le Journal amusant publie un article ("bête et méchant" selon Nadar): "Réception de Charles Baudelaire à l'Académie en 1901".  L'auteur en est Louis Leroy {2}.
    </note>
    <relatedItem type = "references">
        <note type = "internal reference code">
            T
        </note>
        <titleInfo>
            <title>
                Texte vu
            </title>
        </titleInfo>
        <name type = "personal">
            <namePart>
                ***
            </namePart>
            <role>
                <roleTerm type= "text">author</roleTerm>
            </role>
        </name>
        <originInfo>
            <dateIssued>***</dateIssued>
            <dateCaptured>
                3/7/2002
            </dateCaptured>
            <dateModified>
                3/7/2002
            </dateModified>
        </originInfo>
        <genre>
            Other
        </genre>
    </relatedItem>
    <relatedItem type = "references">
        <note type = "internal reference code">
            Greaves
        </note>
        <titleInfo>
            <title>
                Nadar, ou le paradoxe vital
            </title>
        </titleInfo>
        <name type = "personal">
            <namePart>
                Greaves, Roger
            </namePart>
            <role>
                <roleTerm type= "text">author</roleTerm>
            </role>
        </name>
        <originInfo>
            <place>
                <placeTerm>Paris</placeTerm>
            </place>
            <publisher>Flammarion</publisher>
            <dateIssued>1980</dateIssued>
            <dateCaptured>
                3/7/2002
            </dateCaptured>
            <dateModified>
                3/8/2002
            </dateModified>
        </originInfo>
        <part>
            <extent unit = "pages">
                <start>
                    234
                </start>
                <end>
                    234
                </end>
            </extent>
        </part>
        <genre>
            Book
        </genre>
    </relatedItem>
</mods>