﻿<?xml version= "1.0" encoding="UTF-8"?>
<mods xmlns:xlink="http://www.w3.org/1999/xlink" xmlns:xsi="http://www.w3.org/2001/XMLSchema-instance" xmlns="http://www.loc.gov/mods/v3" version="3.6" xsi:schemaLocation="http://www.loc.gov/mods/v3 http://www.loc.gov/standards/mods/v3/mods-3-6.xsd">
    <identifier>
        10021
    </identifier>
    <originInfo>
        <dateCaptured>
            8/16/1999
        </dateCaptured>
        <dateModified>
            3/8/2002
        </dateModified>
    </originInfo>
    <subject>
        <temporal point = "start">
            3/1/1863
        </temporal>
        <temporal point = "end">
            3/31/1863
        </temporal>
    </subject>
    <note type = "poggenburg date">
        III 63
    </note>
    <note type = "journal content">
        A la Galerie Martinet, on expose La Chanteuse des rues de Manet.  Ce tableau sert d'inspiration au poème de Baudelaire: Les Promesses d'un visage {1}.
    </note>
    <relatedItem type = "references">
        <note type = "internal reference code">
            Hamilton
        </note>
        <titleInfo>
            <title>
                Manet and his critics
            </title>
        </titleInfo>
        <name type = "personal">
            <namePart>
                Hamilton, George Heard
            </namePart>
            <role>
                <roleTerm type= "text">author</roleTerm>
            </role>
        </name>
        <originInfo>
            <place>
                <placeTerm>New Haven CT</placeTerm>
            </place>
            <publisher>Yale University Press</publisher>
            <dateIssued>1954</dateIssued>
            <dateCaptured>
                3/7/2002
            </dateCaptured>
            <dateModified>
                3/8/2002
            </dateModified>
        </originInfo>
        <part>
            <extent unit = "pages">
                <start>
                    40
                </start>
                <end>
                    40
                </end>
            </extent>
        </part>
        <genre>
            Book
        </genre>
    </relatedItem>
</mods>