﻿<?xml version= "1.0" encoding="UTF-8"?>
<mods xmlns:xlink="http://www.w3.org/1999/xlink" xmlns:xsi="http://www.w3.org/2001/XMLSchema-instance" xmlns="http://www.loc.gov/mods/v3" version="3.6" xsi:schemaLocation="http://www.loc.gov/mods/v3 http://www.loc.gov/standards/mods/v3/mods-3-6.xsd">
    <identifier>
        10032
    </identifier>
    <originInfo>
        <dateCaptured>
            8/16/1999
        </dateCaptured>
        <dateModified>
            3/8/2002
        </dateModified>
    </originInfo>
    <subject>
        <temporal point = "start">
            3/20/1863
        </temporal>
        <temporal point = "end">
            6/21/1863
        </temporal>
    </subject>
    <note type = "poggenburg date">
        printemps 63
    </note>
    <note type = "journal content">
        A Paris, Whistler et Fantin-Latour conduisent Swinburne chez Manet {1}.
    </note>
    <relatedItem type = "references">
        <note type = "internal reference code">
            Cecil Lang
        </note>
        <titleInfo>
            <title>
                Letters. Edited by Cecil Y. Lang
            </title>
        </titleInfo>
        <name type = "personal">
            <namePart>
                Swinburne, Algernon Charles
            </namePart>
            <role>
                <roleTerm type= "text">author</roleTerm>
            </role>
        </name>
        <name type = "personal">
            <namePart>
                Lang, Cecil Y.
            </namePart>
            <role>
                <roleTerm type= "text">editor</roleTerm>
            </role>
        </name>
        <originInfo>
            <place>
                <placeTerm>New Haven CT</placeTerm>
            </place>
            <publisher>Yale University Press</publisher>
            <dateIssued>1959-62</dateIssued>
            <dateCaptured>
                3/7/2002
            </dateCaptured>
            <dateModified>
                3/8/2002
            </dateModified>
        </originInfo>
        <part>
            <extent unit = "pages">
                <start>
                    III:42
                </start>
                <end>
                    III:42
                </end>
            </extent>
        </part>
        <genre>
            Book
        </genre>
    </relatedItem>
</mods>