﻿<?xml version= "1.0" encoding="UTF-8"?>
<mods xmlns:xlink="http://www.w3.org/1999/xlink" xmlns:xsi="http://www.w3.org/2001/XMLSchema-instance" xmlns="http://www.loc.gov/mods/v3" version="3.6" xsi:schemaLocation="http://www.loc.gov/mods/v3 http://www.loc.gov/standards/mods/v3/mods-3-6.xsd">
    <identifier>
        10038
    </identifier>
    <originInfo>
        <dateCaptured>
            8/16/1999
        </dateCaptured>
        <dateModified>
            3/8/2002
        </dateModified>
    </originInfo>
    <subject>
        <temporal point = "start">
            4/11/1863
        </temporal>
        <temporal point = "end">
            4/11/1863
        </temporal>
    </subject>
    <note type = "poggenburg date">
        11 IV 63
    </note>
    <note type = "journal content">
        Baudelaire attire l'attention des frères Goncourt, pour avoir employé un mot bizarre: gamahucher {1}.
    </note>
    <relatedItem type = "references">
        <note type = "internal reference code">
            Goncourt
        </note>
        <titleInfo>
            <title>
                Journal; mémoires de la vie littéraire [par] Edmond et Jules de Goncourt
            </title>
        </titleInfo>
        <name type = "personal">
            <namePart>
                Goncourt, Edmond et Jules de
            </namePart>
            <role>
                <roleTerm type= "text">author</roleTerm>
            </role>
        </name>
        <originInfo>
            <place>
                <placeTerm>Monaco</placeTerm>
            </place>
            <publisher>Imprimerie Nationale</publisher>
            <dateIssued>1956</dateIssued>
            <dateCaptured>
                3/7/2002
            </dateCaptured>
            <dateModified>
                3/8/2002
            </dateModified>
        </originInfo>
        <part>
            <extent unit = "pages">
                <start>
                    VI:54
                </start>
                <end>
                    VI:54
                </end>
            </extent>
        </part>
        <genre>
            Book
        </genre>
    </relatedItem>
</mods>