﻿<?xml version= "1.0" encoding="UTF-8"?>
<mods xmlns:xlink="http://www.w3.org/1999/xlink" xmlns:xsi="http://www.w3.org/2001/XMLSchema-instance" xmlns="http://www.loc.gov/mods/v3" version="3.6" xsi:schemaLocation="http://www.loc.gov/mods/v3 http://www.loc.gov/standards/mods/v3/mods-3-6.xsd">
    <identifier>
        10044
    </identifier>
    <originInfo>
        <dateCaptured>
            8/16/1999
        </dateCaptured>
        <dateModified>
            3/8/2002
        </dateModified>
    </originInfo>
    <subject>
        <temporal point = "start">
            1/15/1863
        </temporal>
        <temporal point = "end">
            1/15/1863
        </temporal>
    </subject>
    <note type = "poggenburg date">
        1er trimestre 63
    </note>
    <note type = "journal content">
        Dans la Bibliographie catholique, le chanoine V. Maynard appelle les Fleurs du mal ed. de 1861 un "livre putride" {1}.
    </note>
    <relatedItem type = "references">
        <note type = "internal reference code">
            Flavien C
        </note>
        <titleInfo>
            <title>
                La Critique catholique et les Fleurs du Mal
            </title>
        </titleInfo>
        <name type = "personal">
            <namePart>
                Flavien, Jean
            </namePart>
            <role>
                <roleTerm type= "text">author</roleTerm>
            </role>
        </name>
        <originInfo>
            <dateIssued>1971</dateIssued>
            <dateCaptured>
                3/7/2002
            </dateCaptured>
            <dateModified>
                3/8/2002
            </dateModified>
        </originInfo>
        <genre>
            Article
        </genre>
    </relatedItem>
</mods>