﻿<?xml version= "1.0" encoding="UTF-8"?>
<mods xmlns:xlink="http://www.w3.org/1999/xlink" xmlns:xsi="http://www.w3.org/2001/XMLSchema-instance" xmlns="http://www.loc.gov/mods/v3" version="3.6" xsi:schemaLocation="http://www.loc.gov/mods/v3 http://www.loc.gov/standards/mods/v3/mods-3-6.xsd">
    <identifier>
        10069
    </identifier>
    <originInfo>
        <dateCaptured>
            8/16/1999
        </dateCaptured>
        <dateModified>
            3/8/2002
        </dateModified>
    </originInfo>
    <subject>
        <temporal point = "start">
            7/4/1863
        </temporal>
        <temporal point = "end">
            7/4/1863
        </temporal>
    </subject>
    <note type = "poggenburg date">
        4 VII 63
    </note>
    <note type = "journal content">
        La Bibliographie de la France enregistre la publication de  Mlle de la Quintinie de G. Sand.  En lisant la préface,  Baudelaire est choqué par l'idée selon laquelle les Chrétiens peuvent ne pas croire à l'enfer {1}.
    </note>
    <relatedItem type = "references">
        <note type = "internal reference code">
            OC61
        </note>
        <titleInfo>
            <title>
                Oeuvres complètes. texte établi et annoté par Y.-G. Le Dantec; édition révisée, complétée et présentée par Claude Pichois
            </title>
        </titleInfo>
        <name type = "personal">
            <namePart>
                Baudelaire, Charles
            </namePart>
            <role>
                <roleTerm type= "text">author</roleTerm>
            </role>
        </name>
        <name type = "personal">
            <namePart>
                Pichois, Claude
            </namePart>
            <role>
                <roleTerm type= "text">editor</roleTerm>
            </role>
        </name>
        <originInfo>
            <place>
                <placeTerm>Paris</placeTerm>
            </place>
            <publisher>Gallimard</publisher>
            <dateIssued>1961</dateIssued>
            <dateCaptured>
                3/7/2002
            </dateCaptured>
            <dateModified>
                3/7/2002
            </dateModified>
        </originInfo>
        <part>
            <extent unit = "pages">
                <start>
                    1281
                </start>
                <end>
                    1281
                </end>
            </extent>
        </part>
        <genre>
            Book
        </genre>
        <relatedItem type = "series">
            <titleInfo>
                <title>
                    Bibliothèque de la Pléiade
                </title>
            </titleInfo>
        </relatedItem>
    </relatedItem>
</mods>