﻿<?xml version= "1.0" encoding="UTF-8"?>
<mods xmlns:xlink="http://www.w3.org/1999/xlink" xmlns:xsi="http://www.w3.org/2001/XMLSchema-instance" xmlns="http://www.loc.gov/mods/v3" version="3.6" xsi:schemaLocation="http://www.loc.gov/mods/v3 http://www.loc.gov/standards/mods/v3/mods-3-6.xsd">
    <identifier>
        10068
    </identifier>
    <originInfo>
        <dateCaptured>
            8/16/1999
        </dateCaptured>
        <dateModified>
            3/8/2002
        </dateModified>
    </originInfo>
    <subject>
        <temporal point = "start">
            6/23/1863
        </temporal>
        <temporal point = "end">
            6/23/1863
        </temporal>
    </subject>
    <note type = "poggenburg date">
        23 VI 63
    </note>
    <note type = "journal content">
        Duruy remplace Rouland comme ministre de l'Instruction publique {1}.
    </note>
    <relatedItem type = "references">
        <note type = "internal reference code">
            Ferran
        </note>
        <titleInfo>
            <title>
                Charles Baudelaire: autour du voyage en Belgique
            </title>
        </titleInfo>
        <name type = "personal">
            <namePart>
                Ferran, André
            </namePart>
            <role>
                <roleTerm type= "text">author</roleTerm>
            </role>
        </name>
        <originInfo>
            <place>
                <placeTerm>Toulouse</placeTerm>
            </place>
            <dateIssued>1931</dateIssued>
            <dateCaptured>
                3/7/2002
            </dateCaptured>
            <dateModified>
                3/7/2002
            </dateModified>
        </originInfo>
        <genre>
            Article
        </genre>
    </relatedItem>
</mods>