﻿<?xml version= "1.0" encoding="UTF-8"?>
<mods xmlns:xlink="http://www.w3.org/1999/xlink" xmlns:xsi="http://www.w3.org/2001/XMLSchema-instance" xmlns="http://www.loc.gov/mods/v3" version="3.6" xsi:schemaLocation="http://www.loc.gov/mods/v3 http://www.loc.gov/standards/mods/v3/mods-3-6.xsd">
    <identifier>
        10086
    </identifier>
    <originInfo>
        <dateCaptured>
            8/16/1999
        </dateCaptured>
        <dateModified>
            3/8/2002
        </dateModified>
    </originInfo>
    <subject>
        <temporal point = "start">
            8/15/1863
        </temporal>
        <temporal point = "end">
            8/15/1863
        </temporal>
    </subject>
    <note type = "poggenburg date">
        15 VIII 63
    </note>
    <note type = "journal content">
        Baudelaire passe chez Arthur Stevens, qu'il ne trouve pas. Il lui laisse un mot annonçant son départ imminent pour la Belgique. Baudelaire craint que sa rencontre avec Bérardi, de l'Indépendance belge, ne soit empruntée et "bizarre" s'il n'a pas vu Stevens avant de partir pour Bruxelles. Il espère donc avoir une réponse de l'ami de Stevens, et il prie ce dernier de la garder pour lui {1}. Dans le Nain jaune, Alexandre Flan prétend que Baudelaire a "la verve triste" {2}. La Bibliographie de la France enregistre Pérégrinations en Orient, d'Eusèbe de Salles.  Baudelaire a songé à ce livre le 20 juin passé, à propos d'Aïsha, fiancée de Mahomet; cette fille n'ayant que sept ans au moment de ses fiancailles {3}. Poulet-Malassis informe Philippe Burty de l'existence d'un "Salon en vers" [c'est le Salon caricatural de 1846] {4}.  Baudelaire a fait la pièce initiale.  Les légendes des caricatures, également en vers, furent composées par Baudelaire, Banville et Vitu.  Au dire de Banville, il y aurait des "drôleries à prendre" {5}.
    </note>
    <relatedItem type = "references">
        <note type = "internal reference code">
            CPl II
        </note>
        <titleInfo>
            <title>
                Correspondance: Tome II (mars 1860-mars 1866). Texte établi, présenté et annoté par Claude Pichois avec la collaboration de Jean Ziegler
            </title>
        </titleInfo>
        <name type = "personal">
            <namePart>
                Baudelaire, Charles
            </namePart>
            <role>
                <roleTerm type= "text">author</roleTerm>
            </role>
        </name>
        <name type = "personal">
            <namePart>
                Pichois, Claude
            </namePart>
            <role>
                <roleTerm type= "text">editor</roleTerm>
            </role>
        </name>
        <name type = "personal">
            <namePart>
                Ziegler, Jean
            </namePart>
            <role>
                <roleTerm type= "text">editor</roleTerm>
            </role>
        </name>
        <name type = "personal">
            <namePart>
                Ziegler, Jean
            </namePart>
            <role>
                <roleTerm type= "text">editor</roleTerm>
            </role>
        </name>
        <originInfo>
            <place>
                <placeTerm>Paris</placeTerm>
            </place>
            <publisher>Gallimard</publisher>
            <dateIssued>1973</dateIssued>
            <dateCaptured>
                3/7/2002
            </dateCaptured>
            <dateModified>
                3/7/2002
            </dateModified>
        </originInfo>
        <part>
            <extent unit = "pages">
                <start>
                    312
                </start>
                <end>
                    312
                </end>
            </extent>
        </part>
        <genre>
            Book
        </genre>
        <relatedItem type = "series">
            <titleInfo>
                <title>
                    Bibliothèque de la Pléiade
                </title>
            </titleInfo>
        </relatedItem>
    </relatedItem>
    <relatedItem type = "references">
        <note type = "internal reference code">
            T
        </note>
        <titleInfo>
            <title>
                Texte vu
            </title>
        </titleInfo>
        <name type = "personal">
            <namePart>
                ***
            </namePart>
            <role>
                <roleTerm type= "text">author</roleTerm>
            </role>
        </name>
        <originInfo>
            <dateIssued>***</dateIssued>
            <dateCaptured>
                3/7/2002
            </dateCaptured>
            <dateModified>
                3/7/2002
            </dateModified>
        </originInfo>
        <genre>
            Other
        </genre>
    </relatedItem>
    <relatedItem type = "references">
        <note type = "internal reference code">
            CG IV
        </note>
        <titleInfo>
            <title>
                Oeuvres complètes. Correspondance générale IV: Novembre 1861-1864
            </title>
        </titleInfo>
        <name type = "personal">
            <namePart>
                Baudelaire, Charles
            </namePart>
            <role>
                <roleTerm type= "text">author</roleTerm>
            </role>
        </name>
        <name type = "personal">
            <namePart>
                Crépet, Jacques
            </namePart>
            <role>
                <roleTerm type= "text">editor</roleTerm>
            </role>
        </name>
        <originInfo>
            <place>
                <placeTerm>Paris</placeTerm>
            </place>
            <publisher>Éditions Louis Conard</publisher>
            <dateIssued>1948</dateIssued>
            <dateCaptured>
                3/7/2002
            </dateCaptured>
            <dateModified>
                3/7/2002
            </dateModified>
        </originInfo>
        <part>
            <extent unit = "pages">
                <start>
                    172n
                </start>
                <end>
                    172n
                </end>
            </extent>
        </part>
        <genre>
            Book
        </genre>
        <relatedItem type = "series">
            <titleInfo>
                <title>
                    Oeuvres Complètes de Charles Baudelaire
                </title>
            </titleInfo>
        </relatedItem>
    </relatedItem>
    <relatedItem type = "references">
        <note type = "internal reference code">
            CPl II
        </note>
        <titleInfo>
            <title>
                Correspondance: Tome II (mars 1860-mars 1866). Texte établi, présenté et annoté par Claude Pichois avec la collaboration de Jean Ziegler
            </title>
        </titleInfo>
        <name type = "personal">
            <namePart>
                Baudelaire, Charles
            </namePart>
            <role>
                <roleTerm type= "text">author</roleTerm>
            </role>
        </name>
        <name type = "personal">
            <namePart>
                Pichois, Claude
            </namePart>
            <role>
                <roleTerm type= "text">editor</roleTerm>
            </role>
        </name>
        <name type = "personal">
            <namePart>
                Ziegler, Jean
            </namePart>
            <role>
                <roleTerm type= "text">editor</roleTerm>
            </role>
        </name>
        <name type = "personal">
            <namePart>
                Ziegler, Jean
            </namePart>
            <role>
                <roleTerm type= "text">editor</roleTerm>
            </role>
        </name>
        <originInfo>
            <place>
                <placeTerm>Paris</placeTerm>
            </place>
            <publisher>Gallimard</publisher>
            <dateIssued>1973</dateIssued>
            <dateCaptured>
                3/7/2002
            </dateCaptured>
            <dateModified>
                3/7/2002
            </dateModified>
        </originInfo>
        <part>
            <extent unit = "pages">
                <start>
                    307
                </start>
                <end>
                    307
                </end>
            </extent>
        </part>
        <genre>
            Book
        </genre>
        <relatedItem type = "series">
            <titleInfo>
                <title>
                    Bibliothèque de la Pléiade
                </title>
            </titleInfo>
        </relatedItem>
    </relatedItem>
    <relatedItem type = "references">
        <note type = "internal reference code">
            OCPl II
        </note>
        <titleInfo>
            <title>
                Oeuvres complètes. Texte établi, présenté et annoté par Claude Pichois: Tome II
            </title>
        </titleInfo>
        <name type = "personal">
            <namePart>
                Baudelaire, Charles
            </namePart>
            <role>
                <roleTerm type= "text">author</roleTerm>
            </role>
        </name>
        <name type = "personal">
            <namePart>
                Pichois, Claude
            </namePart>
            <role>
                <roleTerm type= "text">editor</roleTerm>
            </role>
        </name>
        <originInfo>
            <place>
                <placeTerm>Paris</placeTerm>
            </place>
            <publisher>Gallimard</publisher>
            <dateIssued>1976</dateIssued>
            <dateCaptured>
                3/7/2002
            </dateCaptured>
            <dateModified>
                3/7/2002
            </dateModified>
        </originInfo>
        <part>
            <extent unit = "pages">
                <start>
                    1326
                </start>
                <end>
                    1326
                </end>
            </extent>
        </part>
        <genre>
            Book
        </genre>
        <relatedItem type = "series">
            <titleInfo>
                <title>
                    Bibliothèque de la Pléiade
                </title>
            </titleInfo>
        </relatedItem>
    </relatedItem>
</mods>