﻿<?xml version= "1.0" encoding="UTF-8"?>
<mods xmlns:xlink="http://www.w3.org/1999/xlink" xmlns:xsi="http://www.w3.org/2001/XMLSchema-instance" xmlns="http://www.loc.gov/mods/v3" version="3.6" xsi:schemaLocation="http://www.loc.gov/mods/v3 http://www.loc.gov/standards/mods/v3/mods-3-6.xsd">
    <identifier>
        10089
    </identifier>
    <originInfo>
        <dateCaptured>
            8/16/1999
        </dateCaptured>
        <dateModified>
            3/8/2002
        </dateModified>
    </originInfo>
    <subject>
        <temporal point = "start">
            8/17/1863
        </temporal>
        <temporal point = "end">
            8/17/1863
        </temporal>
    </subject>
    <note type = "poggenburg date">
        17 VIII 63
    </note>
    <note type = "journal content">
        Baudelaire suit l'enterrement de Delacroix.  Y assiste également Fantin-Latour qui, indigné par le manque d'intérêt de ses contemporains pour Delacroix, décide de peindre un tableau d'hommages {1,2}.  Paul Granier de Cassagnac, dans Diogène, décrit Baudelaire, déguisé en ours, allant avec Flaubert à la recherche du trésor de Salammbô {3}.
    </note>
    <relatedItem type = "references">
        <note type = "internal reference code">
            CPl II
        </note>
        <titleInfo>
            <title>
                Correspondance: Tome II (mars 1860-mars 1866). Texte établi, présenté et annoté par Claude Pichois avec la collaboration de Jean Ziegler
            </title>
        </titleInfo>
        <name type = "personal">
            <namePart>
                Baudelaire, Charles
            </namePart>
            <role>
                <roleTerm type= "text">author</roleTerm>
            </role>
        </name>
        <name type = "personal">
            <namePart>
                Pichois, Claude
            </namePart>
            <role>
                <roleTerm type= "text">editor</roleTerm>
            </role>
        </name>
        <name type = "personal">
            <namePart>
                Ziegler, Jean
            </namePart>
            <role>
                <roleTerm type= "text">editor</roleTerm>
            </role>
        </name>
        <name type = "personal">
            <namePart>
                Ziegler, Jean
            </namePart>
            <role>
                <roleTerm type= "text">editor</roleTerm>
            </role>
        </name>
        <originInfo>
            <place>
                <placeTerm>Paris</placeTerm>
            </place>
            <publisher>Gallimard</publisher>
            <dateIssued>1973</dateIssued>
            <dateCaptured>
                3/7/2002
            </dateCaptured>
            <dateModified>
                3/7/2002
            </dateModified>
        </originInfo>
        <part>
            <extent unit = "pages">
                <start>
                    802
                </start>
                <end>
                    802
                </end>
            </extent>
        </part>
        <genre>
            Book
        </genre>
        <relatedItem type = "series">
            <titleInfo>
                <title>
                    Bibliothèque de la Pléiade
                </title>
            </titleInfo>
        </relatedItem>
    </relatedItem>
    <relatedItem type = "references">
        <note type = "internal reference code">
            CatBN57
        </note>
        <titleInfo>
            <title>
                Charles Baudelaire. Exposition organisée pour le centenaire des Fleurs du Mal
            </title>
        </titleInfo>
        <name type = "personal">
            <namePart>
                Baudelaire, Charles
            </namePart>
            <role>
                <roleTerm type= "text">author</roleTerm>
            </role>
        </name>
        <originInfo>
            <place>
                <placeTerm>Paris</placeTerm>
            </place>
            <publisher>Bibliothèque Nationale de France</publisher>
            <dateIssued>1957</dateIssued>
            <dateCaptured>
                3/7/2002
            </dateCaptured>
            <dateModified>
                3/7/2002
            </dateModified>
        </originInfo>
        <part>
            <extent unit = "pages">
                <start>
                    109
                </start>
                <end>
                    109
                </end>
            </extent>
        </part>
        <genre>
            Catalog
        </genre>
    </relatedItem>
    <relatedItem type = "references">
        <note type = "internal reference code">
            T
        </note>
        <titleInfo>
            <title>
                Texte vu
            </title>
        </titleInfo>
        <name type = "personal">
            <namePart>
                ***
            </namePart>
            <role>
                <roleTerm type= "text">author</roleTerm>
            </role>
        </name>
        <originInfo>
            <dateIssued>***</dateIssued>
            <dateCaptured>
                3/7/2002
            </dateCaptured>
            <dateModified>
                3/7/2002
            </dateModified>
        </originInfo>
        <genre>
            Other
        </genre>
    </relatedItem>
</mods>