﻿<?xml version= "1.0" encoding="UTF-8"?>
<mods xmlns:xlink="http://www.w3.org/1999/xlink" xmlns:xsi="http://www.w3.org/2001/XMLSchema-instance" xmlns="http://www.loc.gov/mods/v3" version="3.6" xsi:schemaLocation="http://www.loc.gov/mods/v3 http://www.loc.gov/standards/mods/v3/mods-3-6.xsd">
    <identifier>
        10103
    </identifier>
    <originInfo>
        <dateCaptured>
            8/16/1999
        </dateCaptured>
        <dateModified>
            3/8/2002
        </dateModified>
    </originInfo>
    <subject>
        <temporal point = "start">
            9/2/1863
        </temporal>
        <temporal point = "end">
            9/2/1863
        </temporal>
    </subject>
    <note type = "poggenburg date">
        2 IX 63
    </note>
    <note type = "journal content">
        La première partie de "L'Oeuvre et la vie d'Eugène Delacroix", de Baudelaire, paraît dans l'Opinion nationale {1}.
    </note>
    <relatedItem type = "references">
        <note type = "internal reference code">
            AR
        </note>
        <titleInfo>
            <title>
                L'art romantique. Notice, notes et éclaircissements de M. Jacques Crépet
            </title>
        </titleInfo>
        <name type = "personal">
            <namePart>
                Baudelaire, Charles
            </namePart>
            <role>
                <roleTerm type= "text">author</roleTerm>
            </role>
        </name>
        <name type = "personal">
            <namePart>
                Crépet, Jacques
            </namePart>
            <role>
                <roleTerm type= "text">editor</roleTerm>
            </role>
        </name>
        <originInfo>
            <place>
                <placeTerm>Paris</placeTerm>
            </place>
            <publisher>Éditions Louis Conard</publisher>
            <dateIssued>1925</dateIssued>
            <dateCaptured>
                3/7/2002
            </dateCaptured>
            <dateModified>
                3/8/2002
            </dateModified>
        </originInfo>
        <part>
            <extent unit = "pages">
                <start>
                    440
                </start>
                <end>
                    440
                </end>
            </extent>
        </part>
        <genre>
            Book
        </genre>
    </relatedItem>
</mods>