﻿<?xml version= "1.0" encoding="UTF-8"?>
<mods xmlns:xlink="http://www.w3.org/1999/xlink" xmlns:xsi="http://www.w3.org/2001/XMLSchema-instance" xmlns="http://www.loc.gov/mods/v3" version="3.6" xsi:schemaLocation="http://www.loc.gov/mods/v3 http://www.loc.gov/standards/mods/v3/mods-3-6.xsd">
    <identifier>
        10116
    </identifier>
    <originInfo>
        <dateCaptured>
            8/16/1999
        </dateCaptured>
        <dateModified>
            3/8/2002
        </dateModified>
    </originInfo>
    <subject>
        <temporal point = "start">
            9/18/1863
        </temporal>
        <temporal point = "end">
            9/18/1863
        </temporal>
    </subject>
    <note type = "poggenburg date">
        18 IX 63
    </note>
    <note type = "journal content">
        Mort d'Alfred de Vigny {1}.
    </note>
    <relatedItem type = "references">
        <note type = "internal reference code">
            Vapereau
        </note>
        <titleInfo>
            <title>
                Dictionnaire universel des contemporains, contenant toutes les personnes notables de la France et des pays étrangers
            </title>
        </titleInfo>
        <name type = "personal">
            <namePart>
                Vapereau, Gustave
            </namePart>
            <role>
                <roleTerm type= "text">author</roleTerm>
            </role>
        </name>
        <originInfo>
            <place>
                <placeTerm>Paris</placeTerm>
            </place>
            <publisher>Hachette et C.ie</publisher>
            <dateIssued>1865</dateIssued>
            <dateCaptured>
                3/7/2002
            </dateCaptured>
            <dateModified>
                3/8/2002
            </dateModified>
        </originInfo>
        <genre>
            Book
        </genre>
    </relatedItem>
</mods>