﻿<?xml version= "1.0" encoding="UTF-8"?>
<mods xmlns:xlink="http://www.w3.org/1999/xlink" xmlns:xsi="http://www.w3.org/2001/XMLSchema-instance" xmlns="http://www.loc.gov/mods/v3" version="3.6" xsi:schemaLocation="http://www.loc.gov/mods/v3 http://www.loc.gov/standards/mods/v3/mods-3-6.xsd">
    <identifier>
        10121
    </identifier>
    <originInfo>
        <dateCaptured>
            8/16/1999
        </dateCaptured>
        <dateModified>
            3/8/2002
        </dateModified>
    </originInfo>
    <subject>
        <temporal point = "start">
            10/1/1863
        </temporal>
        <temporal point = "end">
            10/31/1863
        </temporal>
    </subject>
    <note type = "poggenburg date">
        X 63
    </note>
    <note type = "journal content">
        La Société d'Aquafortistes publie Lola de Valence, par Manet, eau-forte gravée par l'artiste, avec des vers de Baudelaire au bas de l'ouvrage {1}.
    </note>
    <relatedItem type = "references">
        <note type = "internal reference code">
            FM42
        </note>
        <titleInfo>
            <title>
                Les fleurs du mal, texte de la 2.éd, suivi des pièces supprimées en 1857 et des additions de 1868. Éd. critique établie par Jacques Crépet et Georges Blin
            </title>
        </titleInfo>
        <name type = "personal">
            <namePart>
                Baudelaire, Charles
            </namePart>
            <role>
                <roleTerm type= "text">author</roleTerm>
            </role>
        </name>
        <name type = "personal">
            <namePart>
                Crépet, Jacques
            </namePart>
            <role>
                <roleTerm type= "text">editor</roleTerm>
            </role>
        </name>
        <name type = "personal">
            <namePart>
                Blin, Georges
            </namePart>
            <role>
                <roleTerm type= "text">editor</roleTerm>
            </role>
        </name>
        <name type = "personal">
            <namePart>
                Blin, Georges
            </namePart>
            <role>
                <roleTerm type= "text">editor</roleTerm>
            </role>
        </name>
        <originInfo>
            <place>
                <placeTerm>Paris</placeTerm>
            </place>
            <publisher>Librairie José Corti</publisher>
            <dateIssued>1942</dateIssued>
            <dateCaptured>
                3/7/2002
            </dateCaptured>
            <dateModified>
                3/8/2002
            </dateModified>
        </originInfo>
        <part>
            <extent unit = "pages">
                <start>
                    572
                </start>
                <end>
                    572
                </end>
            </extent>
        </part>
        <genre>
            Book
        </genre>
    </relatedItem>
</mods>