﻿<?xml version= "1.0" encoding="UTF-8"?>
<mods xmlns:xlink="http://www.w3.org/1999/xlink" xmlns:xsi="http://www.w3.org/2001/XMLSchema-instance" xmlns="http://www.loc.gov/mods/v3" version="3.6" xsi:schemaLocation="http://www.loc.gov/mods/v3 http://www.loc.gov/standards/mods/v3/mods-3-6.xsd">
    <identifier>
        10156
    </identifier>
    <originInfo>
        <dateCaptured>
            8/16/1999
        </dateCaptured>
        <dateModified>
            3/8/2002
        </dateModified>
    </originInfo>
    <subject>
        <temporal point = "start">
            11/28/1863
        </temporal>
        <temporal point = "end">
            11/28/1863
        </temporal>
    </subject>
    <note type = "poggenburg date">
        28 XI 63
    </note>
    <note type = "journal content">
        Parution du deuxième feuilleton du "Peintre de de la vie moderne", de Baudelaire, dans Figaro {1}.  La Petite Revue donne un extrait de l'article nécrologique sur Delacroix {2}. Gavarni remercie Baudelaire de l'envoi d'un exemplaire d'Eureka {3}. Dans le Nain jaune, A. Scholl se moque du  Figaro, qui, en publiant des poèmes en prose de Baudelaire, revient sur les positions qu'il avait précédemment défendues {4}.  Les Goncourt décrivent Baudelaire travaillant dans sa chambre d'hôtel "près d'un chemin de fer", porte ouverte sur le corridor, de façon à être aperçu par les passants.  Il a les cheveux longs et blancs {5}.
    </note>
    <note type = "researcher notes">
        missing reference
    </note>
    <relatedItem type = "references">
        <note type = "internal reference code">
            T
        </note>
        <titleInfo>
            <title>
                Texte vu
            </title>
        </titleInfo>
        <name type = "personal">
            <namePart>
                ***
            </namePart>
            <role>
                <roleTerm type= "text">author</roleTerm>
            </role>
        </name>
        <originInfo>
            <dateIssued>***</dateIssued>
            <dateCaptured>
                3/7/2002
            </dateCaptured>
            <dateModified>
                3/7/2002
            </dateModified>
        </originInfo>
        <genre>
            Other
        </genre>
    </relatedItem>
    <relatedItem type = "references">
        <note type = "internal reference code">
            CPl II
        </note>
        <titleInfo>
            <title>
                Correspondance: Tome II (mars 1860-mars 1866). Texte établi, présenté et annoté par Claude Pichois avec la collaboration de Jean Ziegler
            </title>
        </titleInfo>
        <name type = "personal">
            <namePart>
                Baudelaire, Charles
            </namePart>
            <role>
                <roleTerm type= "text">author</roleTerm>
            </role>
        </name>
        <name type = "personal">
            <namePart>
                Pichois, Claude
            </namePart>
            <role>
                <roleTerm type= "text">editor</roleTerm>
            </role>
        </name>
        <name type = "personal">
            <namePart>
                Ziegler, Jean
            </namePart>
            <role>
                <roleTerm type= "text">editor</roleTerm>
            </role>
        </name>
        <name type = "personal">
            <namePart>
                Ziegler, Jean
            </namePart>
            <role>
                <roleTerm type= "text">editor</roleTerm>
            </role>
        </name>
        <originInfo>
            <place>
                <placeTerm>Paris</placeTerm>
            </place>
            <publisher>Gallimard</publisher>
            <dateIssued>1973</dateIssued>
            <dateCaptured>
                3/7/2002
            </dateCaptured>
            <dateModified>
                3/7/2002
            </dateModified>
        </originInfo>
        <part>
            <extent unit = "pages">
                <start>
                    346, 840
                </start>
                <end>
                    346, 840
                </end>
            </extent>
        </part>
        <genre>
            Book
        </genre>
        <relatedItem type = "series">
            <titleInfo>
                <title>
                    Bibliothèque de la Pléiade
                </title>
            </titleInfo>
        </relatedItem>
    </relatedItem>
    <relatedItem type = "references">
        <note type = "internal reference code">
            T
        </note>
        <titleInfo>
            <title>
                Texte vu
            </title>
        </titleInfo>
        <name type = "personal">
            <namePart>
                ***
            </namePart>
            <role>
                <roleTerm type= "text">author</roleTerm>
            </role>
        </name>
        <originInfo>
            <dateIssued>***</dateIssued>
            <dateCaptured>
                3/7/2002
            </dateCaptured>
            <dateModified>
                3/7/2002
            </dateModified>
        </originInfo>
        <genre>
            Other
        </genre>
    </relatedItem>
    <relatedItem type = "references">
        <note type = "internal reference code">
            Goncourt
        </note>
        <titleInfo>
            <title>
                Journal; mémoires de la vie littéraire [par] Edmond et Jules de Goncourt
            </title>
        </titleInfo>
        <name type = "personal">
            <namePart>
                Goncourt, Edmond et Jules de
            </namePart>
            <role>
                <roleTerm type= "text">author</roleTerm>
            </role>
        </name>
        <originInfo>
            <place>
                <placeTerm>Monaco</placeTerm>
            </place>
            <publisher>Imprimerie Nationale</publisher>
            <dateIssued>1956</dateIssued>
            <dateCaptured>
                3/7/2002
            </dateCaptured>
            <dateModified>
                3/8/2002
            </dateModified>
        </originInfo>
        <part>
            <extent unit = "pages">
                <start>
                    VI:157
                </start>
                <end>
                    VI:157
                </end>
            </extent>
        </part>
        <genre>
            Book
        </genre>
    </relatedItem>
</mods>