﻿<?xml version= "1.0" encoding="UTF-8"?>
<mods xmlns:xlink="http://www.w3.org/1999/xlink" xmlns:xsi="http://www.w3.org/2001/XMLSchema-instance" xmlns="http://www.loc.gov/mods/v3" version="3.6" xsi:schemaLocation="http://www.loc.gov/mods/v3 http://www.loc.gov/standards/mods/v3/mods-3-6.xsd">
    <identifier>
        10234
    </identifier>
    <originInfo>
        <dateCaptured>
            8/16/1999
        </dateCaptured>
        <dateModified>
            3/8/2002
        </dateModified>
    </originInfo>
    <subject>
        <temporal point = "start">
            4/1/1864
        </temporal>
        <temporal point = "end">
            4/1/1864
        </temporal>
    </subject>
    <note type = "poggenburg date">
        1 IV 64
    </note>
    <note type = "journal content">
        Baudelaire et Babou se rendent chez Champfleury {1}.
    </note>
    <relatedItem type = "references">
        <note type = "internal reference code">
            I
        </note>
        <titleInfo>
            <title>
                Référence interne, fournie par l'évidence de la chronologie
            </title>
        </titleInfo>
        <name type = "personal">
            <namePart>
                ***
            </namePart>
            <role>
                <roleTerm type= "text">author</roleTerm>
            </role>
        </name>
        <originInfo>
            <dateIssued>***</dateIssued>
            <dateCaptured>
                3/7/2002
            </dateCaptured>
            <dateModified>
                3/7/2002
            </dateModified>
        </originInfo>
        <part>
            <extent unit = "pages">
                <start>
                    (v. 2 IV s 64)
                </start>
                <end>
                    (v. 2 IV s 64)
                </end>
            </extent>
        </part>
        <genre>
            Other
        </genre>
    </relatedItem>
</mods>