﻿<?xml version= "1.0" encoding="UTF-8"?>
<mods xmlns:xlink="http://www.w3.org/1999/xlink" xmlns:xsi="http://www.w3.org/2001/XMLSchema-instance" xmlns="http://www.loc.gov/mods/v3" version="3.6" xsi:schemaLocation="http://www.loc.gov/mods/v3 http://www.loc.gov/standards/mods/v3/mods-3-6.xsd">
    <identifier>
        10255
    </identifier>
    <originInfo>
        <dateCaptured>
            8/16/1999
        </dateCaptured>
        <dateModified>
            3/8/2002
        </dateModified>
    </originInfo>
    <subject>
        <temporal point = "start">
            4/21/1864
        </temporal>
        <temporal point = "end">
            4/21/1864
        </temporal>
    </subject>
    <note type = "poggenburg date">
        21 IV 64
    </note>
    <note type = "journal content">
        Répondant à Arthur Stevens, Baudelaire le remercie de sa bonne lettre, explique son silence envers De Mot et prie Stevens d'aller voir ce monsieur pour conclure avec lui les conditions financières de ses lectures à Bruxelles; Baudelaire acceptera cet accord négocié par l'entremise de Stevens {1}.  Mme Victor Hugo, de passage à Paris, informe par lettre son mari que Baudelaire n'a pu supporter l'idée du fauteuil vide symbolique au Banquet Shakespeare; ce fauteuil devait symboliser l'absence d'Hugo et l'honneur qu'on lui faisait {2}.  Baudelaire rédige son article sur la vente de la collection d'Eugène Piot.  Il admire le sérieux et la sincérité de ce collectionneur, obligé de vendre ses trésors pour des raisons de santé.  Baudelaire est surtout impressionné par les bronzes de cette collection et remarque spécialement le masque de Michel-Ange, "où est si profondément exprimée la tristesse de ce glorieux génie" {3}.
    </note>
    <relatedItem type = "references">
        <note type = "internal reference code">
            CPl II
        </note>
        <titleInfo>
            <title>
                Correspondance: Tome II (mars 1860-mars 1866). Texte établi, présenté et annoté par Claude Pichois avec la collaboration de Jean Ziegler
            </title>
        </titleInfo>
        <name type = "personal">
            <namePart>
                Baudelaire, Charles
            </namePart>
            <role>
                <roleTerm type= "text">author</roleTerm>
            </role>
        </name>
        <name type = "personal">
            <namePart>
                Pichois, Claude
            </namePart>
            <role>
                <roleTerm type= "text">editor</roleTerm>
            </role>
        </name>
        <name type = "personal">
            <namePart>
                Ziegler, Jean
            </namePart>
            <role>
                <roleTerm type= "text">editor</roleTerm>
            </role>
        </name>
        <name type = "personal">
            <namePart>
                Ziegler, Jean
            </namePart>
            <role>
                <roleTerm type= "text">editor</roleTerm>
            </role>
        </name>
        <originInfo>
            <place>
                <placeTerm>Paris</placeTerm>
            </place>
            <publisher>Gallimard</publisher>
            <dateIssued>1973</dateIssued>
            <dateCaptured>
                3/7/2002
            </dateCaptured>
            <dateModified>
                3/7/2002
            </dateModified>
        </originInfo>
        <part>
            <extent unit = "pages">
                <start>
                    355
                </start>
                <end>
                    355
                </end>
            </extent>
        </part>
        <genre>
            Book
        </genre>
        <relatedItem type = "series">
            <titleInfo>
                <title>
                    Bibliothèque de la Pléiade
                </title>
            </titleInfo>
        </relatedItem>
    </relatedItem>
    <relatedItem type = "references">
        <note type = "internal reference code">
            Badesco B
        </note>
        <titleInfo>
            <title>
                Le Génération poétique de 1860, la jeunesse des deux rives, milieux d'avant-garde et mouvements littéraires, les oeuvres et les hommes
            </title>
        </titleInfo>
        <name type = "personal">
            <namePart>
                Badesco, Luc
            </namePart>
            <role>
                <roleTerm type= "text">author</roleTerm>
            </role>
        </name>
        <name type = "personal">
            <namePart>
                Nizet, A.-G.
            </namePart>
            <role>
                <roleTerm type= "text">editor</roleTerm>
            </role>
        </name>
        <originInfo>
            <place>
                <placeTerm>Paris</placeTerm>
            </place>
            <publisher>A.-G. Nizet</publisher>
            <dateIssued>1971</dateIssued>
            <dateCaptured>
                3/7/2002
            </dateCaptured>
            <dateModified>
                3/8/2002
            </dateModified>
        </originInfo>
        <part>
            <extent unit = "pages">
                <start>
                    I:99
                </start>
                <end>
                    I:99
                </end>
            </extent>
        </part>
        <genre>
            Book
        </genre>
    </relatedItem>
    <relatedItem type = "references">
        <note type = "internal reference code">
            OCPl II
        </note>
        <titleInfo>
            <title>
                Oeuvres complètes. Texte établi, présenté et annoté par Claude Pichois: Tome II
            </title>
        </titleInfo>
        <name type = "personal">
            <namePart>
                Baudelaire, Charles
            </namePart>
            <role>
                <roleTerm type= "text">author</roleTerm>
            </role>
        </name>
        <name type = "personal">
            <namePart>
                Pichois, Claude
            </namePart>
            <role>
                <roleTerm type= "text">editor</roleTerm>
            </role>
        </name>
        <originInfo>
            <place>
                <placeTerm>Paris</placeTerm>
            </place>
            <publisher>Gallimard</publisher>
            <dateIssued>1976</dateIssued>
            <dateCaptured>
                3/7/2002
            </dateCaptured>
            <dateModified>
                3/7/2002
            </dateModified>
        </originInfo>
        <part>
            <extent unit = "pages">
                <start>
                    771
                </start>
                <end>
                    771
                </end>
            </extent>
        </part>
        <genre>
            Book
        </genre>
        <relatedItem type = "series">
            <titleInfo>
                <title>
                    Bibliothèque de la Pléiade
                </title>
            </titleInfo>
        </relatedItem>
    </relatedItem>
</mods>