﻿<?xml version= "1.0" encoding="UTF-8"?>
<mods xmlns:xlink="http://www.w3.org/1999/xlink" xmlns:xsi="http://www.w3.org/2001/XMLSchema-instance" xmlns="http://www.loc.gov/mods/v3" version="3.6" xsi:schemaLocation="http://www.loc.gov/mods/v3 http://www.loc.gov/standards/mods/v3/mods-3-6.xsd">
    <identifier>
        10288
    </identifier>
    <originInfo>
        <dateCaptured>
            8/16/1999
        </dateCaptured>
        <dateModified>
            3/8/2002
        </dateModified>
    </originInfo>
    <subject>
        <temporal point = "start">
            5/15/1864
        </temporal>
        <temporal point = "end">
            5/15/1864
        </temporal>
    </subject>
    <note type = "poggenburg date">
        15 V 64
    </note>
    <note type = "journal content">
        Le Journal des beaux-arts et de la littérature. (Bruxelles) décerne des éloges à Baudelaire pour sa conférence, disant que ses dons d'orateur sont limités mais que cela ne fait qu'améliorer l'impression produite par sa lecture.  On le décrit comme  "classique", partisan des prosodies et des rhétoriques, remarquant qu'il est contre le "réalisme" au sens étroit du terme.  Cet article est signé "H" {1}.  A Paris, dans Critique française, Maurice attaque la poésie de Baudelaire, citant en exemple Une Charogne {2}.
    </note>
    <relatedItem type = "references">
        <note type = "internal reference code">
            Charlier
        </note>
        <titleInfo>
            <title>
                Passages: Essais
            </title>
        </titleInfo>
        <name type = "personal">
            <namePart>
                Charlier, Gustave
            </namePart>
            <role>
                <roleTerm type= "text">author</roleTerm>
            </role>
        </name>
        <originInfo>
            <place>
                <placeTerm>Brussels</placeTerm>
            </place>
            <publisher>La Renaissance du Livre</publisher>
            <dateIssued>1947</dateIssued>
            <dateCaptured>
                3/7/2002
            </dateCaptured>
            <dateModified>
                3/7/2002
            </dateModified>
        </originInfo>
        <part>
            <extent unit = "pages">
                <start>
                    153
                </start>
                <end>
                    153
                </end>
            </extent>
        </part>
        <genre>
            Book
        </genre>
    </relatedItem>
    <relatedItem type = "references">
        <note type = "internal reference code">
            T
        </note>
        <titleInfo>
            <title>
                Texte vu
            </title>
        </titleInfo>
        <name type = "personal">
            <namePart>
                ***
            </namePart>
            <role>
                <roleTerm type= "text">author</roleTerm>
            </role>
        </name>
        <originInfo>
            <dateIssued>***</dateIssued>
            <dateCaptured>
                3/7/2002
            </dateCaptured>
            <dateModified>
                3/7/2002
            </dateModified>
        </originInfo>
        <genre>
            Other
        </genre>
    </relatedItem>
</mods>