﻿<?xml version= "1.0" encoding="UTF-8"?>
<mods xmlns:xlink="http://www.w3.org/1999/xlink" xmlns:xsi="http://www.w3.org/2001/XMLSchema-instance" xmlns="http://www.loc.gov/mods/v3" version="3.6" xsi:schemaLocation="http://www.loc.gov/mods/v3 http://www.loc.gov/standards/mods/v3/mods-3-6.xsd">
    <identifier>
        10286
    </identifier>
    <originInfo>
        <dateCaptured>
            8/16/1999
        </dateCaptured>
        <dateModified>
            3/8/2002
        </dateModified>
    </originInfo>
    <subject>
        <temporal point = "start">
            5/12/1864
        </temporal>
        <temporal point = "end">
            5/12/1864
        </temporal>
    </subject>
    <note type = "poggenburg date">
        12 V 64
    </note>
    <note type = "journal content">
        Baudelaire fait sa première conférence sur Les Excitants, laquelle n'est pas annoncée par les journaux {1}.
    </note>
    <relatedItem type = "references">
        <note type = "internal reference code">
            Charlier
        </note>
        <titleInfo>
            <title>
                Passages: Essais
            </title>
        </titleInfo>
        <name type = "personal">
            <namePart>
                Charlier, Gustave
            </namePart>
            <role>
                <roleTerm type= "text">author</roleTerm>
            </role>
        </name>
        <originInfo>
            <place>
                <placeTerm>Brussels</placeTerm>
            </place>
            <publisher>La Renaissance du Livre</publisher>
            <dateIssued>1947</dateIssued>
            <dateCaptured>
                3/7/2002
            </dateCaptured>
            <dateModified>
                3/7/2002
            </dateModified>
        </originInfo>
        <part>
            <extent unit = "pages">
                <start>
                    147
                </start>
                <end>
                    147
                </end>
            </extent>
        </part>
        <genre>
            Book
        </genre>
    </relatedItem>
</mods>