﻿<?xml version= "1.0" encoding="UTF-8"?>
<mods xmlns:xlink="http://www.w3.org/1999/xlink" xmlns:xsi="http://www.w3.org/2001/XMLSchema-instance" xmlns="http://www.loc.gov/mods/v3" version="3.6" xsi:schemaLocation="http://www.loc.gov/mods/v3 http://www.loc.gov/standards/mods/v3/mods-3-6.xsd">
    <identifier>
        10347
    </identifier>
    <originInfo>
        <dateCaptured>
            8/16/1999
        </dateCaptured>
        <dateModified>
            3/8/2002
        </dateModified>
    </originInfo>
    <subject>
        <temporal point = "start">
            7/31/1864
        </temporal>
        <temporal point = "end">
            7/31/1864
        </temporal>
    </subject>
    <note type = "poggenburg date">
        31 VII 64
    </note>
    <note type = "journal content">
        Baudelaire annonce à sa mère qu'il a pris toutes ses notes sur la Belgique et a rédigé cinq chapitres de son livre. Pour effectuer les voyages nécessaires à l'achèvement de ce livre, il demande 150 francs à Mme Aupick.  Sa note d'hôtel s'élève à 154 francs et il a besoin des objets qu'il a laissés au Mont-de-Piété.  Baudelaire n'a aucune réponse du Monde illustré, de la Vie parisienne ou de l'Opinion nationale, auxquels il a envoyé des articles.  Un de ses amis [Hetzel?] qui passe par Bruxelles se chargera de présenter à Figaro  le projet de publication de ses lettres sur la Belgique {1}. Baudelaire renouvelle pour un mois un billet de Jousset de 600 francs {2}. Asselineau, dans le Courrier artistique, raconte sur Baudelaire une anecdote. Le poète rend visite à un ami journaliste, qui se plaint d'avoir à écrire un travail sans importance.  Baudelaire lui déclare qu'il faut attacher de l'importance à tout ce qu'on fait: "C'est le seul moyen de ne jamais s'ennuyer" {3}.
    </note>
    <note type = "researcher notes">
        Concerning the 3rd note, there is nothing in bibliography that corresponds to "V"
    </note>
    <relatedItem type = "references">
        <note type = "internal reference code">
            CPl II
        </note>
        <titleInfo>
            <title>
                Correspondance: Tome II (mars 1860-mars 1866). Texte établi, présenté et annoté par Claude Pichois avec la collaboration de Jean Ziegler
            </title>
        </titleInfo>
        <name type = "personal">
            <namePart>
                Baudelaire, Charles
            </namePart>
            <role>
                <roleTerm type= "text">author</roleTerm>
            </role>
        </name>
        <name type = "personal">
            <namePart>
                Pichois, Claude
            </namePart>
            <role>
                <roleTerm type= "text">editor</roleTerm>
            </role>
        </name>
        <name type = "personal">
            <namePart>
                Ziegler, Jean
            </namePart>
            <role>
                <roleTerm type= "text">editor</roleTerm>
            </role>
        </name>
        <name type = "personal">
            <namePart>
                Ziegler, Jean
            </namePart>
            <role>
                <roleTerm type= "text">editor</roleTerm>
            </role>
        </name>
        <originInfo>
            <place>
                <placeTerm>Paris</placeTerm>
            </place>
            <publisher>Gallimard</publisher>
            <dateIssued>1973</dateIssued>
            <dateCaptured>
                3/7/2002
            </dateCaptured>
            <dateModified>
                3/7/2002
            </dateModified>
        </originInfo>
        <part>
            <extent unit = "pages">
                <start>
                    390
                </start>
                <end>
                    390
                </end>
            </extent>
        </part>
        <genre>
            Book
        </genre>
        <relatedItem type = "series">
            <titleInfo>
                <title>
                    Bibliothèque de la Pléiade
                </title>
            </titleInfo>
        </relatedItem>
    </relatedItem>
    <relatedItem type = "references">
        <note type = "internal reference code">
            CG VI
        </note>
        <titleInfo>
            <title>
                Oeuvres complètes. Correspondance générale VI: Compléments et Index
            </title>
        </titleInfo>
        <name type = "personal">
            <namePart>
                Baudelaire, Charles
            </namePart>
            <role>
                <roleTerm type= "text">author</roleTerm>
            </role>
        </name>
        <name type = "personal">
            <namePart>
                Crépet, Jacques
            </namePart>
            <role>
                <roleTerm type= "text">editor</roleTerm>
            </role>
        </name>
        <name type = "personal">
            <namePart>
                Pichois, Claude
            </namePart>
            <role>
                <roleTerm type= "text">editor</roleTerm>
            </role>
        </name>
        <name type = "personal">
            <namePart>
                Pichois, Claude
            </namePart>
            <role>
                <roleTerm type= "text">editor</roleTerm>
            </role>
        </name>
        <originInfo>
            <place>
                <placeTerm>Paris</placeTerm>
            </place>
            <publisher>Éditions Louis Conard</publisher>
            <dateIssued>1953</dateIssued>
            <dateCaptured>
                3/7/2002
            </dateCaptured>
            <dateModified>
                3/8/2002
            </dateModified>
        </originInfo>
        <part>
            <extent unit = "pages">
                <start>
                    106
                </start>
                <end>
                    106
                </end>
            </extent>
        </part>
        <genre>
            Book
        </genre>
        <relatedItem type = "series">
            <titleInfo>
                <title>
                    Oeuvres Complètes de Charles Baudelaire
                </title>
            </titleInfo>
        </relatedItem>
    </relatedItem>
    <relatedItem type = "references">
        <note type = "internal reference code">
            V
        </note>
        <part>
            <extent unit = "pages">
                <start>
                    191n
                </start>
                <end>
                    191n
                </end>
            </extent>
        </part>
    </relatedItem>
    <relatedItem type = "references">
        <note type = "internal reference code">
            Pichois R
        </note>
    </relatedItem>
</mods>