﻿<?xml version= "1.0" encoding="UTF-8"?>
<mods xmlns:xlink="http://www.w3.org/1999/xlink" xmlns:xsi="http://www.w3.org/2001/XMLSchema-instance" xmlns="http://www.loc.gov/mods/v3" version="3.6" xsi:schemaLocation="http://www.loc.gov/mods/v3 http://www.loc.gov/standards/mods/v3/mods-3-6.xsd">
    <identifier>
        10367
    </identifier>
    <originInfo>
        <dateCaptured>
            8/16/1999
        </dateCaptured>
        <dateModified>
            3/8/2002
        </dateModified>
    </originInfo>
    <subject>
        <temporal point = "start">
            9/10/1864
        </temporal>
        <temporal point = "end">
            9/10/1864
        </temporal>
    </subject>
    <note type = "poggenburg date">
        10 IX 64
    </note>
    <note type = "journal content">
        La Vie parisienne donne un article de Champfleury sur la publication des oeuvres d'Henri Monnier.  L'auteur y décrit la première rencontre de Baudelaire avec Monnier à l'Hôtel Pimodan {1}.  Poulet-Malassis annonce à Bracquemond la visite de Nadar à Bruxelles, à partir du 13.  L'éditeur a donné à la Bibliothèque Royale de Bruxelles les doubles de ses gravures faites par l'artiste.  Baudelaire envoie par Poulet-Malassis ses amitiés à Bracquemond {2}.
    </note>
    <relatedItem type = "references">
        <note type = "internal reference code">
            BDC
        </note>
        <titleInfo>
            <title>
                Baudelaire devant ses contemporains
            </title>
        </titleInfo>
        <name type = "personal">
            <namePart>
                Bandy, William Thomas
            </namePart>
            <role>
                <roleTerm type= "text">editor</roleTerm>
            </role>
        </name>
        <name type = "personal">
            <namePart>
                Pichois, Claude
            </namePart>
            <role>
                <roleTerm type= "text">editor</roleTerm>
            </role>
        </name>
        <name type = "personal">
            <namePart>
                Pichois, Claude
            </namePart>
            <role>
                <roleTerm type= "text">editor</roleTerm>
            </role>
        </name>
        <originInfo>
            <place>
                <placeTerm>Paris</placeTerm>
            </place>
            <publisher>Union Générale d'Edition</publisher>
            <dateIssued>1967</dateIssued>
            <dateCaptured>
                3/7/2002
            </dateCaptured>
            <dateModified>
                3/8/2002
            </dateModified>
        </originInfo>
        <part>
            <extent unit = "pages">
                <start>
                    67--69
                </start>
                <end>
                    67--69
                </end>
            </extent>
        </part>
        <genre>
            Book
        </genre>
    </relatedItem>
    <relatedItem type = "references">
        <note type = "internal reference code">
            Bouillon
        </note>
        <titleInfo>
            <title>
                Artiste et éditeur: correspondance de Bracquemond et de Poulet-Malassis
            </title>
        </titleInfo>
        <name type = "personal">
            <namePart>
                Bouillon, Jean-Paul
            </namePart>
            <role>
                <roleTerm type= "text">author</roleTerm>
            </role>
        </name>
        <originInfo>
            <dateIssued>1975</dateIssued>
            <dateCaptured>
                3/7/2002
            </dateCaptured>
            <dateModified>
                3/7/2002
            </dateModified>
        </originInfo>
        <part>
            <extent unit = "pages">
                <start>
                    383
                </start>
                <end>
                    383
                </end>
            </extent>
        </part>
        <genre>
            Article
        </genre>
        <note type = "source note">
            Veronica
        </note>
    </relatedItem>
</mods>