﻿<?xml version= "1.0" encoding="UTF-8"?>
<mods xmlns:xlink="http://www.w3.org/1999/xlink" xmlns:xsi="http://www.w3.org/2001/XMLSchema-instance" xmlns="http://www.loc.gov/mods/v3" version="3.6" xsi:schemaLocation="http://www.loc.gov/mods/v3 http://www.loc.gov/standards/mods/v3/mods-3-6.xsd">
    <identifier>
        10374
    </identifier>
    <originInfo>
        <dateCaptured>
            8/16/1999
        </dateCaptured>
        <dateModified>
            3/8/2002
        </dateModified>
    </originInfo>
    <subject>
        <temporal point = "start">
            9/26/1864
        </temporal>
        <temporal point = "end">
            9/26/1864
        </temporal>
    </subject>
    <note type = "poggenburg date">
        26 IX 64
    </note>
    <note type = "journal content">
        Baudelaire déjeune en compagnie de Barral; ils vont ensemble au Jardin Botanique où a lieu l'ascension du ballon de Nadar. Au dernier moment, Baudelaire, qui doit prendre part à cette  expédition, est obligé de descendre du ballon pour l'alléger {1}. Alfred Stevens demande à Lucas un exemplaire de l'estampe de Daumier: Wagon de 2ème classe; il en a entendu parler par Baudelaire {2}.
    </note>
    <relatedItem type = "references">
        <note type = "internal reference code">
            Kunel A
        </note>
        <titleInfo>
            <title>
                Cinq Journées avec Charles Baudelaire
            </title>
        </titleInfo>
        <name type = "personal">
            <namePart>
                Kunel, Maurice
            </namePart>
            <role>
                <roleTerm type= "text">author</roleTerm>
            </role>
        </name>
        <originInfo>
            <place>
                <placeTerm>Bruges</placeTerm>
            </place>
            <publisher>Éditions de grave? de "Vigie 30"</publisher>
            <dateIssued>1932</dateIssued>
            <dateCaptured>
                3/7/2002
            </dateCaptured>
            <dateModified>
                3/8/2002
            </dateModified>
        </originInfo>
        <part>
            <extent unit = "pages">
                <start>
                    21--39
                </start>
                <end>
                    21--39
                </end>
            </extent>
        </part>
        <genre>
            Book
        </genre>
    </relatedItem>
    <relatedItem type = "references">
        <note type = "internal reference code">
            Adhémar A
        </note>
        <titleInfo>
            <title>
                Baudelaire et les frères Stevens, sa modernité
            </title>
        </titleInfo>
        <name type = "personal">
            <namePart>
                Adhémar, Jean
            </namePart>
            <role>
                <roleTerm type= "text">author</roleTerm>
            </role>
        </name>
        <originInfo>
            <place>
                <placeTerm>Paris</placeTerm>
            </place>
            <dateIssued>1958</dateIssued>
            <dateCaptured>
                3/7/2002
            </dateCaptured>
            <dateModified>
                3/8/2002
            </dateModified>
        </originInfo>
        <part>
            <extent unit = "pages">
                <start>
                    59
                </start>
                <end>
                    59
                </end>
            </extent>
        </part>
        <genre>
            Article
        </genre>
        <relatedItem type = "series">
            <titleInfo>
                <title>
                    6
                </title>
            </titleInfo>
        </relatedItem>
    </relatedItem>
</mods>