﻿<?xml version= "1.0" encoding="UTF-8"?>
<mods xmlns:xlink="http://www.w3.org/1999/xlink" xmlns:xsi="http://www.w3.org/2001/XMLSchema-instance" xmlns="http://www.loc.gov/mods/v3" version="3.6" xsi:schemaLocation="http://www.loc.gov/mods/v3 http://www.loc.gov/standards/mods/v3/mods-3-6.xsd">
    <identifier>
        10373
    </identifier>
    <originInfo>
        <dateCaptured>
            8/16/1999
        </dateCaptured>
        <dateModified>
            3/8/2002
        </dateModified>
    </originInfo>
    <subject>
        <temporal point = "start">
            9/25/1864
        </temporal>
        <temporal point = "end">
            9/25/1864
        </temporal>
    </subject>
    <note type = "poggenburg date">
        25 IX 64
    </note>
    <note type = "journal content">
        Barral et Baudelaire sont ensemble {1}.
    </note>
    <relatedItem type = "references">
        <note type = "internal reference code">
            Barral
        </note>
        <titleInfo>
            <title>
                Entretiens avec Baudelaire
            </title>
        </titleInfo>
        <name type = "personal">
            <namePart>
                Barral, Georges
            </namePart>
            <role>
                <roleTerm type= "text">author</roleTerm>
            </role>
        </name>
        <originInfo>
            <place>
                <placeTerm>Brussels</placeTerm>
            </place>
            <dateIssued>1901</dateIssued>
            <dateCaptured>
                3/7/2002
            </dateCaptured>
            <dateModified>
                3/7/2002
            </dateModified>
        </originInfo>
        <genre>
            Article
        </genre>
    </relatedItem>
</mods>