﻿<?xml version= "1.0" encoding="UTF-8"?>
<mods xmlns:xlink="http://www.w3.org/1999/xlink" xmlns:xsi="http://www.w3.org/2001/XMLSchema-instance" xmlns="http://www.loc.gov/mods/v3" version="3.6" xsi:schemaLocation="http://www.loc.gov/mods/v3 http://www.loc.gov/standards/mods/v3/mods-3-6.xsd">
    <identifier>
        10375
    </identifier>
    <originInfo>
        <dateCaptured>
            8/16/1999
        </dateCaptured>
        <dateModified>
            3/8/2002
        </dateModified>
    </originInfo>
    <subject>
        <temporal point = "start">
            9/27/1864
        </temporal>
        <temporal point = "end">
            9/27/1864
        </temporal>
    </subject>
    <note type = "poggenburg date">
        27 IX 64
    </note>
    <note type = "journal content">
        Barral, qui est parti en ballon avec Nadar, revient à Bruxelles après un atterrissage entre Ypres et la mer.  La femme et le fils de Nadar, Bérardi, Jean Rousseau et Baudelaire viennent  à la gare attendre les aéronautes.  Barral déjeune avec Baudelaire à l'hôtel du Grand Miroir {1}.
    </note>
    <relatedItem type = "references">
        <note type = "internal reference code">
            Kunel A
        </note>
        <titleInfo>
            <title>
                Cinq Journées avec Charles Baudelaire
            </title>
        </titleInfo>
        <name type = "personal">
            <namePart>
                Kunel, Maurice
            </namePart>
            <role>
                <roleTerm type= "text">author</roleTerm>
            </role>
        </name>
        <originInfo>
            <place>
                <placeTerm>Bruges</placeTerm>
            </place>
            <publisher>Éditions de grave? de "Vigie 30"</publisher>
            <dateIssued>1932</dateIssued>
            <dateCaptured>
                3/7/2002
            </dateCaptured>
            <dateModified>
                3/8/2002
            </dateModified>
        </originInfo>
        <part>
            <extent unit = "pages">
                <start>
                    43--60
                </start>
                <end>
                    43--60
                </end>
            </extent>
        </part>
        <genre>
            Book
        </genre>
    </relatedItem>
</mods>