﻿<?xml version= "1.0" encoding="UTF-8"?>
<mods xmlns:xlink="http://www.w3.org/1999/xlink" xmlns:xsi="http://www.w3.org/2001/XMLSchema-instance" xmlns="http://www.loc.gov/mods/v3" version="3.6" xsi:schemaLocation="http://www.loc.gov/mods/v3 http://www.loc.gov/standards/mods/v3/mods-3-6.xsd">
    <identifier>
        10376
    </identifier>
    <originInfo>
        <dateCaptured>
            8/16/1999
        </dateCaptured>
        <dateModified>
            3/8/2002
        </dateModified>
    </originInfo>
    <subject>
        <temporal point = "start">
            9/28/1864
        </temporal>
        <temporal point = "end">
            9/28/1864
        </temporal>
    </subject>
    <note type = "poggenburg date">
        28 IX 64
    </note>
    <note type = "journal content">
        Baudelaire visite Waterloo en compagnie de Barral {1}.
    </note>
    <relatedItem type = "references">
        <note type = "internal reference code">
            Kunel A
        </note>
        <titleInfo>
            <title>
                Cinq Journées avec Charles Baudelaire
            </title>
        </titleInfo>
        <name type = "personal">
            <namePart>
                Kunel, Maurice
            </namePart>
            <role>
                <roleTerm type= "text">author</roleTerm>
            </role>
        </name>
        <originInfo>
            <place>
                <placeTerm>Bruges</placeTerm>
            </place>
            <publisher>Éditions de grave? de "Vigie 30"</publisher>
            <dateIssued>1932</dateIssued>
            <dateCaptured>
                3/7/2002
            </dateCaptured>
            <dateModified>
                3/8/2002
            </dateModified>
        </originInfo>
        <part>
            <extent unit = "pages">
                <start>
                    63--82
                </start>
                <end>
                    63--82
                </end>
            </extent>
        </part>
        <genre>
            Book
        </genre>
    </relatedItem>
</mods>