﻿<?xml version= "1.0" encoding="UTF-8"?>
<mods xmlns:xlink="http://www.w3.org/1999/xlink" xmlns:xsi="http://www.w3.org/2001/XMLSchema-instance" xmlns="http://www.loc.gov/mods/v3" version="3.6" xsi:schemaLocation="http://www.loc.gov/mods/v3 http://www.loc.gov/standards/mods/v3/mods-3-6.xsd">
    <identifier>
        10385
    </identifier>
    <originInfo>
        <dateCaptured>
            8/16/1999
        </dateCaptured>
        <dateModified>
            3/8/2002
        </dateModified>
    </originInfo>
    <subject>
        <temporal point = "start">
            10/15/1864
        </temporal>
        <temporal point = "end">
            10/15/1864
        </temporal>
    </subject>
    <note type = "poggenburg date">
        15 X 64
    </note>
    <note type = "journal content">
        Emile Deschanel parle de Baudelaire comme un de ses anciens camarades de collège, dans un article du Journal des débats, "Les Villonistes".  Il y publie des vers de la jeunesse de Baudelaire: N'est-ce pas qu'il est doux... et rapproche du Grand Testament de Villon les vers de Baudelaire: La Mendiante rousse et Un Voyage à Cythère {1}. Baudelaire doit donner à son hôtelier l'argent qu'il lui a promis (679 francs) {2}.
    </note>
    <relatedItem type = "references">
        <note type = "internal reference code">
            OC61
        </note>
        <titleInfo>
            <title>
                Oeuvres complètes. texte établi et annoté par Y.-G. Le Dantec; édition révisée, complétée et présentée par Claude Pichois
            </title>
        </titleInfo>
        <name type = "personal">
            <namePart>
                Baudelaire, Charles
            </namePart>
            <role>
                <roleTerm type= "text">author</roleTerm>
            </role>
        </name>
        <name type = "personal">
            <namePart>
                Pichois, Claude
            </namePart>
            <role>
                <roleTerm type= "text">editor</roleTerm>
            </role>
        </name>
        <originInfo>
            <place>
                <placeTerm>Paris</placeTerm>
            </place>
            <publisher>Gallimard</publisher>
            <dateIssued>1961</dateIssued>
            <dateCaptured>
                3/7/2002
            </dateCaptured>
            <dateModified>
                3/7/2002
            </dateModified>
        </originInfo>
        <part>
            <extent unit = "pages">
                <start>
                    1585
                </start>
                <end>
                    1585
                </end>
            </extent>
        </part>
        <genre>
            Book
        </genre>
        <relatedItem type = "series">
            <titleInfo>
                <title>
                    Bibliothèque de la Pléiade
                </title>
            </titleInfo>
        </relatedItem>
    </relatedItem>
    <relatedItem type = "references">
        <note type = "internal reference code">
            CPl II
        </note>
        <titleInfo>
            <title>
                Correspondance: Tome II (mars 1860-mars 1866). Texte établi, présenté et annoté par Claude Pichois avec la collaboration de Jean Ziegler
            </title>
        </titleInfo>
        <name type = "personal">
            <namePart>
                Baudelaire, Charles
            </namePart>
            <role>
                <roleTerm type= "text">author</roleTerm>
            </role>
        </name>
        <name type = "personal">
            <namePart>
                Pichois, Claude
            </namePart>
            <role>
                <roleTerm type= "text">editor</roleTerm>
            </role>
        </name>
        <name type = "personal">
            <namePart>
                Ziegler, Jean
            </namePart>
            <role>
                <roleTerm type= "text">editor</roleTerm>
            </role>
        </name>
        <name type = "personal">
            <namePart>
                Ziegler, Jean
            </namePart>
            <role>
                <roleTerm type= "text">editor</roleTerm>
            </role>
        </name>
        <originInfo>
            <place>
                <placeTerm>Paris</placeTerm>
            </place>
            <publisher>Gallimard</publisher>
            <dateIssued>1973</dateIssued>
            <dateCaptured>
                3/7/2002
            </dateCaptured>
            <dateModified>
                3/7/2002
            </dateModified>
        </originInfo>
        <part>
            <extent unit = "pages">
                <start>
                    407
                </start>
                <end>
                    407
                </end>
            </extent>
        </part>
        <genre>
            Book
        </genre>
        <relatedItem type = "series">
            <titleInfo>
                <title>
                    Bibliothèque de la Pléiade
                </title>
            </titleInfo>
        </relatedItem>
    </relatedItem>
</mods>