﻿<?xml version= "1.0" encoding="UTF-8"?>
<mods xmlns:xlink="http://www.w3.org/1999/xlink" xmlns:xsi="http://www.w3.org/2001/XMLSchema-instance" xmlns="http://www.loc.gov/mods/v3" version="3.6" xsi:schemaLocation="http://www.loc.gov/mods/v3 http://www.loc.gov/standards/mods/v3/mods-3-6.xsd">
    <identifier>
        10401
    </identifier>
    <originInfo>
        <dateCaptured>
            8/16/1999
        </dateCaptured>
        <dateModified>
            3/8/2002
        </dateModified>
    </originInfo>
    <subject>
        <temporal point = "start">
            11/13/1864
        </temporal>
        <temporal point = "end">
            11/13/1864
        </temporal>
    </subject>
    <note type = "poggenburg date">
        13 XI 64
    </note>
    <note type = "journal content">
        Henry de La Madelène fait adresser à Baudelaire le dernier numéro de la Nouvelle Revue de Paris {1}.
    </note>
    <relatedItem type = "references">
        <note type = "internal reference code">
            LAB
        </note>
        <titleInfo>
            <title>
                Lettres à Charles Baudelaire
            </title>
        </titleInfo>
        <name type = "personal">
            <namePart>
                Pichois, Claude
            </namePart>
            <role>
                <roleTerm type= "text">author</roleTerm>
            </role>
        </name>
        <originInfo>
            <place>
                <placeTerm>Neuchâtel</placeTerm>
            </place>
            <publisher>Éditions la Baconnière</publisher>
            <dateIssued>1973</dateIssued>
            <dateCaptured>
                3/7/2002
            </dateCaptured>
            <dateModified>
                3/8/2002
            </dateModified>
        </originInfo>
        <part>
            <extent unit = "pages">
                <start>
                    204
                </start>
                <end>
                    204
                </end>
            </extent>
        </part>
        <genre>
            Book
        </genre>
        <relatedItem type = "series">
            <titleInfo>
                <title>
                    Études Baudelairiennes: nouvelles séries
                </title>
            </titleInfo>
        </relatedItem>
    </relatedItem>
</mods>