﻿<?xml version= "1.0" encoding="UTF-8"?>
<mods xmlns:xlink="http://www.w3.org/1999/xlink" xmlns:xsi="http://www.w3.org/2001/XMLSchema-instance" xmlns="http://www.loc.gov/mods/v3" version="3.6" xsi:schemaLocation="http://www.loc.gov/mods/v3 http://www.loc.gov/standards/mods/v3/mods-3-6.xsd">
    <identifier>
        10429
    </identifier>
    <originInfo>
        <dateCaptured>
            8/16/1999
        </dateCaptured>
        <dateModified>
            7/3/2002
        </dateModified>
    </originInfo>
    <subject>
        <temporal point = "start">
            12/29/1864
        </temporal>
        <temporal point = "end">
            12/29/1864
        </temporal>
    </subject>
    <note type = "poggenburg date">
        29 XII 64
    </note>
    <note type = "journal content">
        Baudelaire charge Ancelle de trois missions: renouveler l'engagement sur sa montre à Paris, rue Joubert; aller voir Jacquinet, marchand de tableaux, pour lui dire de ne pas vendre des objets de valeur lui appartenant;  se rendre chez Mad. Desoye, 22, rue de Rivoli, pour l'informer qu'il reviendra prendre un pupitre en laque qu'il lui a donné à réparer.  Baudelaire  demande 100 francs à Ancelle pour distribuer des étrennes aux domestiques des familles où il est reçu souvent.  Quant aux livres désirés par Ancelle, Baudelaire promet de les lui envoyer en janvier, par des voies détournées, pour échapper à la pointilleuse surveillance exercée actuellement sur les livres de contrebande.  Il ajoute à sa lettre la liste des objets déposés chez Jacquinet: une marine (gravure à nettoyer); une photographie (modèle de femme nue); une sepia de Guys, vieux grognard à la colonne Vendôme; un portrait d'homme au crayon noir; une sépia, dans le genre Girodet (femme nue dans une grotte); deux petits dessins, crayon et lavis, de Guys (sans doute des scènes de prostitution aux barrières, ou des voitures élégantes dans le bois de Boulogne), ces pièces à monter sur bristol {1}. Lejosne et Fioupou dînent chez les Manet; Bracquemond se joint à eux. Lejosne décrit cette réunion à Baudelaire {2}.
    </note>
    <relatedItem type = "references">
        <note type = "internal reference code">
            CPl II
        </note>
        <titleInfo>
            <title>
                Correspondance: Tome II (mars 1860-mars 1866). Texte établi, présenté et annoté par Claude Pichois avec la collaboration de Jean Ziegler
            </title>
        </titleInfo>
        <name type = "personal">
            <namePart>
                Baudelaire, Charles
            </namePart>
            <role>
                <roleTerm type= "text">author</roleTerm>
            </role>
        </name>
        <name type = "personal">
            <namePart>
                Pichois, Claude
            </namePart>
            <role>
                <roleTerm type= "text">editor</roleTerm>
            </role>
        </name>
        <name type = "personal">
            <namePart>
                Ziegler, Jean
            </namePart>
            <role>
                <roleTerm type= "text">editor</roleTerm>
            </role>
        </name>
        <name type = "personal">
            <namePart>
                Ziegler, Jean
            </namePart>
            <role>
                <roleTerm type= "text">editor</roleTerm>
            </role>
        </name>
        <originInfo>
            <place>
                <placeTerm>Paris</placeTerm>
            </place>
            <publisher>Gallimard</publisher>
            <dateIssued>1973</dateIssued>
            <dateCaptured>
                3/7/2002
            </dateCaptured>
            <dateModified>
                3/7/2002
            </dateModified>
        </originInfo>
        <part>
            <extent unit = "pages">
                <start>
                    427
                </start>
                <end>
                    427
                </end>
            </extent>
        </part>
        <genre>
            Book
        </genre>
        <relatedItem type = "series">
            <titleInfo>
                <title>
                    Bibliothèque de la Pléiade
                </title>
            </titleInfo>
        </relatedItem>
    </relatedItem>
    <relatedItem type = "references">
        <note type = "internal reference code">
            LAB
        </note>
        <titleInfo>
            <title>
                Lettres à Charles Baudelaire
            </title>
        </titleInfo>
        <name type = "personal">
            <namePart>
                Pichois, Claude
            </namePart>
            <role>
                <roleTerm type= "text">author</roleTerm>
            </role>
        </name>
        <originInfo>
            <place>
                <placeTerm>Neuchâtel</placeTerm>
            </place>
            <publisher>Éditions la Baconnière</publisher>
            <dateIssued>1973</dateIssued>
            <dateCaptured>
                3/7/2002
            </dateCaptured>
            <dateModified>
                3/8/2002
            </dateModified>
        </originInfo>
        <part>
            <extent unit = "pages">
                <start>
                    209
                </start>
                <end>
                    209
                </end>
            </extent>
        </part>
        <genre>
            Book
        </genre>
        <relatedItem type = "series">
            <titleInfo>
                <title>
                    Études Baudelairiennes: nouvelles séries
                </title>
            </titleInfo>
        </relatedItem>
    </relatedItem>
</mods>