﻿<?xml version= "1.0" encoding="UTF-8"?>
<mods xmlns:xlink="http://www.w3.org/1999/xlink" xmlns:xsi="http://www.w3.org/2001/XMLSchema-instance" xmlns="http://www.loc.gov/mods/v3" version="3.6" xsi:schemaLocation="http://www.loc.gov/mods/v3 http://www.loc.gov/standards/mods/v3/mods-3-6.xsd">
    <identifier>
        10435
    </identifier>
    <originInfo>
        <dateCaptured>
            8/16/1999
        </dateCaptured>
        <dateModified>
            3/8/2002
        </dateModified>
    </originInfo>
    <subject>
        <temporal point = "start">
            12/28/1864
        </temporal>
        <temporal point = "end">
            1/31/1865
        </temporal>
    </subject>
    <note type = "poggenburg date">
        fin 64 ou début 65
    </note>
    <note type = "journal content">
        Baudelaire fait la liste des envois éventuels des Histoires grotesques et serieuses; il l'expédie à Calmann.  Recevront des exemplaires accompagnés d'une lettre:  Hetzel; Deschanel [les noms en italiques sont soulignés dans le manuscrit]; Babou; Banville; Asselineau; D'Aurevilly; Monselet; Fraisse; Jouvin; Taine; Gautier; Chasles; Sainte-Beuve; Roqueplan; Houssaye; De Calonne; Buloz; Pichot; Charpentier; Yriarte;  Vitu; Deschamps.  Recevront des exemplaires sans lettre: Lavoix; Cuvillier-Fleury; De Mouÿ; Levallois; Pontmartin; Schérer; Dollfuss; Marcelin; Frédérix; Joly; Nadar; Véron.  Recevront des bons pour exemplaires: ANCuriosités esthétiquesLLE [sic]; [Sa] mère; Mme MEurICuriosités esthétiques [sic];  MANET [sic];  LEJOSNE [sic];  Flaubert; Leconte de Lisle;  Gavarni;  Champfleury;  Du Camp; Féval; Gozlan;  Chenavard;  Rops;  Fromentin;  Reyer; Malassis;  Neyt;  Dulamon {1}.
    </note>
    <relatedItem type = "references">
        <note type = "internal reference code">
            CPl II
        </note>
        <titleInfo>
            <title>
                Correspondance: Tome II (mars 1860-mars 1866). Texte établi, présenté et annoté par Claude Pichois avec la collaboration de Jean Ziegler
            </title>
        </titleInfo>
        <name type = "personal">
            <namePart>
                Baudelaire, Charles
            </namePart>
            <role>
                <roleTerm type= "text">author</roleTerm>
            </role>
        </name>
        <name type = "personal">
            <namePart>
                Pichois, Claude
            </namePart>
            <role>
                <roleTerm type= "text">editor</roleTerm>
            </role>
        </name>
        <name type = "personal">
            <namePart>
                Ziegler, Jean
            </namePart>
            <role>
                <roleTerm type= "text">editor</roleTerm>
            </role>
        </name>
        <name type = "personal">
            <namePart>
                Ziegler, Jean
            </namePart>
            <role>
                <roleTerm type= "text">editor</roleTerm>
            </role>
        </name>
        <originInfo>
            <place>
                <placeTerm>Paris</placeTerm>
            </place>
            <publisher>Gallimard</publisher>
            <dateIssued>1973</dateIssued>
            <dateCaptured>
                3/7/2002
            </dateCaptured>
            <dateModified>
                3/7/2002
            </dateModified>
        </originInfo>
        <part>
            <extent unit = "pages">
                <start>
                    431
                </start>
                <end>
                    431
                </end>
            </extent>
        </part>
        <genre>
            Book
        </genre>
        <relatedItem type = "series">
            <titleInfo>
                <title>
                    Bibliothèque de la Pléiade
                </title>
            </titleInfo>
        </relatedItem>
    </relatedItem>
</mods>