﻿<?xml version= "1.0" encoding="UTF-8"?>
<mods xmlns:xlink="http://www.w3.org/1999/xlink" xmlns:xsi="http://www.w3.org/2001/XMLSchema-instance" xmlns="http://www.loc.gov/mods/v3" version="3.6" xsi:schemaLocation="http://www.loc.gov/mods/v3 http://www.loc.gov/standards/mods/v3/mods-3-6.xsd">
    <identifier>
        10434
    </identifier>
    <originInfo>
        <dateCaptured>
            8/16/1999
        </dateCaptured>
        <dateModified>
            3/8/2002
        </dateModified>
    </originInfo>
    <subject>
        <temporal point = "start">
            1/1/1864
        </temporal>
        <temporal point = "end">
            12/31/1865
        </temporal>
    </subject>
    <note type = "poggenburg date">
        1864 ou 1865
    </note>
    <note type = "journal content">
        Nadar photographie Baudelaire {1}.
    </note>
    <relatedItem type = "references">
        <note type = "internal reference code">
            CML II
        </note>
        <titleInfo>
            <title>
                Oeuvres Complètes. Édition présentée dans l'ordre chronologique et établie sur les textes authentiques avec des variantes inédites et une annotation originale
            </title>
        </titleInfo>
        <name type = "personal">
            <namePart>
                Baudelaire, Charles
            </namePart>
            <role>
                <roleTerm type= "text">author</roleTerm>
            </role>
        </name>
        <name type = "personal">
            <namePart>
                Austin, Lloyd James
            </namePart>
            <role>
                <roleTerm type= "text">editor</roleTerm>
            </role>
        </name>
        <originInfo>
            <place>
                <placeTerm>Paris</placeTerm>
            </place>
            <publisher>Club du Meilleur Livre</publisher>
            <dateIssued>1955</dateIssued>
            <dateCaptured>
                3/7/2002
            </dateCaptured>
            <dateModified>
                3/7/2002
            </dateModified>
        </originInfo>
        <part>
            <extent unit = "pages">
                <start>
                    pl. 78
                </start>
                <end>
                    pl. 78
                </end>
            </extent>
        </part>
        <genre>
            Book
        </genre>
    </relatedItem>
</mods>