﻿<?xml version= "1.0" encoding="UTF-8"?>
<mods xmlns:xlink="http://www.w3.org/1999/xlink" xmlns:xsi="http://www.w3.org/2001/XMLSchema-instance" xmlns="http://www.loc.gov/mods/v3" version="3.6" xsi:schemaLocation="http://www.loc.gov/mods/v3 http://www.loc.gov/standards/mods/v3/mods-3-6.xsd">
    <identifier>
        10436
    </identifier>
    <originInfo>
        <dateCaptured>
            8/16/1999
        </dateCaptured>
        <dateModified>
            3/8/2002
        </dateModified>
    </originInfo>
    <subject>
        <temporal point = "start">
            1/1/1865
        </temporal>
        <temporal point = "end">
            1/1/1865
        </temporal>
    </subject>
    <note type = "poggenburg date">
        1865?
    </note>
    <note type = "journal content">
        Dans une lettre à Banville Glatigny, qui est à Tournai, l'informe que Baudelaire ljui a donné le portrait de Victor Hugo qui était dans la boutique de Poulet-Malassis {1}.
    </note>
    <note type = "researcher notes">
        Date uncertain
    </note>
    <relatedItem type = "references">
        <note type = "internal reference code">
            Sanson
        </note>
        <titleInfo>
            <title>
                Lettres Inédites d'Alfred Glatigny
            </title>
        </titleInfo>
        <name type = "personal">
            <namePart>
                Glatigny, Albert
            </namePart>
            <role>
                <roleTerm type= "text">author</roleTerm>
            </role>
        </name>
        <name type = "personal">
            <namePart>
                Sanson, Victor
            </namePart>
            <role>
                <roleTerm type= "text">editor</roleTerm>
            </role>
        </name>
        <originInfo>
            <place>
                <placeTerm>Rouen</placeTerm>
            </place>
            <publisher>V. Sanson</publisher>
            <dateIssued>1932</dateIssued>
            <dateCaptured>
                3/7/2002
            </dateCaptured>
            <dateModified>
                3/8/2002
            </dateModified>
        </originInfo>
        <part>
            <extent unit = "pages">
                <start>
                    76
                </start>
                <end>
                    76
                </end>
            </extent>
        </part>
        <genre>
            Book
        </genre>
    </relatedItem>
</mods>