﻿<?xml version= "1.0" encoding="UTF-8"?>
<mods xmlns:xlink="http://www.w3.org/1999/xlink" xmlns:xsi="http://www.w3.org/2001/XMLSchema-instance" xmlns="http://www.loc.gov/mods/v3" version="3.6" xsi:schemaLocation="http://www.loc.gov/mods/v3 http://www.loc.gov/standards/mods/v3/mods-3-6.xsd">
    <identifier>
        10442
    </identifier>
    <originInfo>
        <dateCaptured>
            8/16/1999
        </dateCaptured>
        <dateModified>
            3/8/2002
        </dateModified>
    </originInfo>
    <subject>
        <temporal point = "start">
            1/3/1865
        </temporal>
        <temporal point = "end">
            1/3/1865
        </temporal>
    </subject>
    <note type = "poggenburg date">
        3 I 65
    </note>
    <note type = "journal content">
        Baudelaire souhaite à Mme Paul Meurice une bonne et heureuse  année.  Il lui fait part de ses difficultés avec les Belges: ils prennent au sérieux toute boutade faite pour les étonner.  On le dit agent de police, parricide, correcteur d'épreuves d'ouvrages infâmes, pédéraste. Il demande à sa correspondante de prier pour lui et lui exprime sa grande affection {1}. Lejosne se rend, au nom de Baudelaire, aux bureaux de l'Opinion nationale. Il y apprend que Malespine, rédacteur, s'oppose à la publication de Marie Roget.  Le soir, Lejosne gagne l'appui de Magnancourt, qui essaye de faire changer d'avis Malespine {2}.
    </note>
    <relatedItem type = "references">
        <note type = "internal reference code">
            CPl II
        </note>
        <titleInfo>
            <title>
                Correspondance: Tome II (mars 1860-mars 1866). Texte établi, présenté et annoté par Claude Pichois avec la collaboration de Jean Ziegler
            </title>
        </titleInfo>
        <name type = "personal">
            <namePart>
                Baudelaire, Charles
            </namePart>
            <role>
                <roleTerm type= "text">author</roleTerm>
            </role>
        </name>
        <name type = "personal">
            <namePart>
                Pichois, Claude
            </namePart>
            <role>
                <roleTerm type= "text">editor</roleTerm>
            </role>
        </name>
        <name type = "personal">
            <namePart>
                Ziegler, Jean
            </namePart>
            <role>
                <roleTerm type= "text">editor</roleTerm>
            </role>
        </name>
        <name type = "personal">
            <namePart>
                Ziegler, Jean
            </namePart>
            <role>
                <roleTerm type= "text">editor</roleTerm>
            </role>
        </name>
        <originInfo>
            <place>
                <placeTerm>Paris</placeTerm>
            </place>
            <publisher>Gallimard</publisher>
            <dateIssued>1973</dateIssued>
            <dateCaptured>
                3/7/2002
            </dateCaptured>
            <dateModified>
                3/7/2002
            </dateModified>
        </originInfo>
        <part>
            <extent unit = "pages">
                <start>
                    437
                </start>
                <end>
                    437
                </end>
            </extent>
        </part>
        <genre>
            Book
        </genre>
        <relatedItem type = "series">
            <titleInfo>
                <title>
                    Bibliothèque de la Pléiade
                </title>
            </titleInfo>
        </relatedItem>
    </relatedItem>
    <relatedItem type = "references">
        <note type = "internal reference code">
            LAB
        </note>
        <titleInfo>
            <title>
                Lettres à Charles Baudelaire
            </title>
        </titleInfo>
        <name type = "personal">
            <namePart>
                Pichois, Claude
            </namePart>
            <role>
                <roleTerm type= "text">author</roleTerm>
            </role>
        </name>
        <originInfo>
            <place>
                <placeTerm>Neuchâtel</placeTerm>
            </place>
            <publisher>Éditions la Baconnière</publisher>
            <dateIssued>1973</dateIssued>
            <dateCaptured>
                3/7/2002
            </dateCaptured>
            <dateModified>
                3/8/2002
            </dateModified>
        </originInfo>
        <part>
            <extent unit = "pages">
                <start>
                    209
                </start>
                <end>
                    209
                </end>
            </extent>
        </part>
        <genre>
            Book
        </genre>
        <relatedItem type = "series">
            <titleInfo>
                <title>
                    Études Baudelairiennes: nouvelles séries
                </title>
            </titleInfo>
        </relatedItem>
    </relatedItem>
</mods>