﻿<?xml version= "1.0" encoding="UTF-8"?>
<mods xmlns:xlink="http://www.w3.org/1999/xlink" xmlns:xsi="http://www.w3.org/2001/XMLSchema-instance" xmlns="http://www.loc.gov/mods/v3" version="3.6" xsi:schemaLocation="http://www.loc.gov/mods/v3 http://www.loc.gov/standards/mods/v3/mods-3-6.xsd">
    <identifier>
        10459
    </identifier>
    <originInfo>
        <dateCaptured>
            8/16/1999
        </dateCaptured>
        <dateModified>
            3/8/2002
        </dateModified>
    </originInfo>
    <subject>
        <temporal point = "start">
            1/26/1865
        </temporal>
        <temporal point = "end">
            1/26/1865
        </temporal>
    </subject>
    <note type = "poggenburg date">
        26 I 65
    </note>
    <note type = "journal content">
        Poulet-Malassis avertit Bracquemond que Baudelaire a reçu de Manet et de Lejosne "deux propositions aimables" mais qu'il se garde encore de les accepter {1}.
    </note>
    <relatedItem type = "references">
        <note type = "internal reference code">
            Pichois H
        </note>
        <titleInfo>
            <title>
                Autour de La Fanfarlo: Baudelaire, Balzac et Marie Daubrun
            </title>
        </titleInfo>
        <name type = "personal">
            <namePart>
                Pichois, Claude
            </namePart>
            <role>
                <roleTerm type= "text">author</roleTerm>
            </role>
        </name>
        <originInfo>
            <dateIssued>1956</dateIssued>
            <dateCaptured>
                3/7/2002
            </dateCaptured>
            <dateModified>
                3/7/2002
            </dateModified>
        </originInfo>
        <part>
            <extent unit = "pages">
                <start>
                    271
                </start>
                <end>
                    271
                </end>
            </extent>
        </part>
        <genre>
            Article
        </genre>
    </relatedItem>
</mods>