﻿<?xml version= "1.0" encoding="UTF-8"?>
<mods xmlns:xlink="http://www.w3.org/1999/xlink" xmlns:xsi="http://www.w3.org/2001/XMLSchema-instance" xmlns="http://www.loc.gov/mods/v3" version="3.6" xsi:schemaLocation="http://www.loc.gov/mods/v3 http://www.loc.gov/standards/mods/v3/mods-3-6.xsd">
    <identifier>
        10450
    </identifier>
    <originInfo>
        <dateCaptured>
            8/16/1999
        </dateCaptured>
        <dateModified>
            3/8/2002
        </dateModified>
    </originInfo>
    <subject>
        <temporal point = "start">
            1/18/1865
        </temporal>
        <temporal point = "end">
            1/18/1865
        </temporal>
    </subject>
    <note type = "poggenburg date">
        18 I 65
    </note>
    <note type = "journal content">
        Au Cercle Artistique et littéraire de Bruxelles, Alexandre Weill prend la parole sur "Job, Prométhée, Alceste et Faust" {1}.
    </note>
    <relatedItem type = "references">
        <note type = "internal reference code">
            Blin B
        </note>
        <titleInfo>
            <title>
                Baudelaire et Alexandre Weill
            </title>
        </titleInfo>
        <name type = "personal">
            <namePart>
                Blin, Georges
            </namePart>
            <role>
                <roleTerm type= "text">author</roleTerm>
            </role>
        </name>
        <originInfo>
            <dateIssued>1963</dateIssued>
            <dateCaptured>
                3/7/2002
            </dateCaptured>
            <dateModified>
                3/7/2002
            </dateModified>
        </originInfo>
        <part>
            <extent unit = "pages">
                <start>
                    40
                </start>
                <end>
                    40
                </end>
            </extent>
        </part>
        <genre>
            Article
        </genre>
    </relatedItem>
</mods>