﻿<?xml version= "1.0" encoding="UTF-8"?>
<mods xmlns:xlink="http://www.w3.org/1999/xlink" xmlns:xsi="http://www.w3.org/2001/XMLSchema-instance" xmlns="http://www.loc.gov/mods/v3" version="3.6" xsi:schemaLocation="http://www.loc.gov/mods/v3 http://www.loc.gov/standards/mods/v3/mods-3-6.xsd">
    <identifier>
        10465
    </identifier>
    <originInfo>
        <dateCaptured>
            8/16/1999
        </dateCaptured>
        <dateModified>
            3/8/2002
        </dateModified>
    </originInfo>
    <subject>
        <temporal point = "start">
            2/1/1865
        </temporal>
        <temporal point = "end">
            2/28/1865
        </temporal>
    </subject>
    <note type = "poggenburg date">
        II 65
    </note>
    <note type = "journal content">
        Mallarmé écrit à Eugène Lefébure en louant Elën de Villiers de l'Isle-Adam.  Il rapproche son style de celui de Baudelaire, chez qui, dit-il, l'on éprouve "une sensation à chacun des mots..." {1}. Date-limite de l'exécution du portrait présumé de Jeanne Duval par Manet {2}.
    </note>
    <relatedItem type = "references">
        <note type = "internal reference code">
            Mondor
        </note>
        <titleInfo>
            <title>
                Correspondance
            </title>
        </titleInfo>
        <name type = "personal">
            <namePart>
                Mallarmé, Stéphane
            </namePart>
            <role>
                <roleTerm type= "text">author</roleTerm>
            </role>
        </name>
        <name type = "personal">
            <namePart>
                Mondor, H.
            </namePart>
            <role>
                <roleTerm type= "text">editor</roleTerm>
            </role>
        </name>
        <name type = "personal">
            <namePart>
                Austin, Lloyd James
            </namePart>
            <role>
                <roleTerm type= "text">editor</roleTerm>
            </role>
        </name>
        <name type = "personal">
            <namePart>
                Austin, Lloyd James
            </namePart>
            <role>
                <roleTerm type= "text">editor</roleTerm>
            </role>
        </name>
        <originInfo>
            <place>
                <placeTerm>Paris</placeTerm>
            </place>
            <publisher>Gallimard</publisher>
            <dateIssued>1959 -1985</dateIssued>
            <dateCaptured>
                3/7/2002
            </dateCaptured>
            <dateModified>
                3/8/2002
            </dateModified>
        </originInfo>
        <part>
            <extent unit = "pages">
                <start>
                    154
                </start>
                <end>
                    154
                </end>
            </extent>
        </part>
        <genre>
            Book
        </genre>
    </relatedItem>
    <relatedItem type = "references">
        <note type = "internal reference code">
            CatBN57
        </note>
        <titleInfo>
            <title>
                Charles Baudelaire. Exposition organisée pour le centenaire des Fleurs du Mal
            </title>
        </titleInfo>
        <name type = "personal">
            <namePart>
                Baudelaire, Charles
            </namePart>
            <role>
                <roleTerm type= "text">author</roleTerm>
            </role>
        </name>
        <originInfo>
            <place>
                <placeTerm>Paris</placeTerm>
            </place>
            <publisher>Bibliothèque Nationale de France</publisher>
            <dateIssued>1957</dateIssued>
            <dateCaptured>
                3/7/2002
            </dateCaptured>
            <dateModified>
                3/7/2002
            </dateModified>
        </originInfo>
        <part>
            <extent unit = "pages">
                <start>
                    49
                </start>
                <end>
                    49
                </end>
            </extent>
        </part>
        <genre>
            Catalog
        </genre>
    </relatedItem>
</mods>