﻿<?xml version= "1.0" encoding="UTF-8"?>
<mods xmlns:xlink="http://www.w3.org/1999/xlink" xmlns:xsi="http://www.w3.org/2001/XMLSchema-instance" xmlns="http://www.loc.gov/mods/v3" version="3.6" xsi:schemaLocation="http://www.loc.gov/mods/v3 http://www.loc.gov/standards/mods/v3/mods-3-6.xsd">
    <identifier>
        10472
    </identifier>
    <originInfo>
        <dateCaptured>
            8/16/1999
        </dateCaptured>
        <dateModified>
            3/8/2002
        </dateModified>
    </originInfo>
    <subject>
        <temporal point = "start">
            2/8/1865
        </temporal>
        <temporal point = "end">
            2/8/1865
        </temporal>
    </subject>
    <note type = "poggenburg date">
        8 II 65
    </note>
    <note type = "journal content">
        Arrivée de la lettre (manquante) d'Ancelle.  Il a exécuté les commissions de Baudelaire et lui indique le montant de ses frais.   Baudelaire, en recevant cette lettre, est victime d'un malaise, il mettra plus d'une heure à la lire.  Répondant au notaire, Baudelaire lui envoie de nouveau la liste pour Jacquinet, recopiée, des objets en souffrance à retirer de chez lui, ainsi qu'un reçu pour 200 francs. C'est la somme qu'il demande à Ancelle, contrairement à sa résolution de n'utiliser qu'une partie de ses droits mensuels. En hiver, la vie à Bruxelles coûte plus cher qu'en été, il a besoin d'argent.  Depuis huit jours, Baudelaire a de terribles ennuis de santé: rhume, névralgie, rhumatisme, dérangements d'estomac et d'intestin {1}.
    </note>
    <relatedItem type = "references">
        <note type = "internal reference code">
            CPl II
        </note>
        <titleInfo>
            <title>
                Correspondance: Tome II (mars 1860-mars 1866). Texte établi, présenté et annoté par Claude Pichois avec la collaboration de Jean Ziegler
            </title>
        </titleInfo>
        <name type = "personal">
            <namePart>
                Baudelaire, Charles
            </namePart>
            <role>
                <roleTerm type= "text">author</roleTerm>
            </role>
        </name>
        <name type = "personal">
            <namePart>
                Pichois, Claude
            </namePart>
            <role>
                <roleTerm type= "text">editor</roleTerm>
            </role>
        </name>
        <name type = "personal">
            <namePart>
                Ziegler, Jean
            </namePart>
            <role>
                <roleTerm type= "text">editor</roleTerm>
            </role>
        </name>
        <name type = "personal">
            <namePart>
                Ziegler, Jean
            </namePart>
            <role>
                <roleTerm type= "text">editor</roleTerm>
            </role>
        </name>
        <originInfo>
            <place>
                <placeTerm>Paris</placeTerm>
            </place>
            <publisher>Gallimard</publisher>
            <dateIssued>1973</dateIssued>
            <dateCaptured>
                3/7/2002
            </dateCaptured>
            <dateModified>
                3/7/2002
            </dateModified>
        </originInfo>
        <part>
            <extent unit = "pages">
                <start>
                    452
                </start>
                <end>
                    452
                </end>
            </extent>
        </part>
        <genre>
            Book
        </genre>
        <relatedItem type = "series">
            <titleInfo>
                <title>
                    Bibliothèque de la Pléiade
                </title>
            </titleInfo>
        </relatedItem>
    </relatedItem>
</mods>