﻿<?xml version= "1.0" encoding="UTF-8"?>
<mods xmlns:xlink="http://www.w3.org/1999/xlink" xmlns:xsi="http://www.w3.org/2001/XMLSchema-instance" xmlns="http://www.loc.gov/mods/v3" version="3.6" xsi:schemaLocation="http://www.loc.gov/mods/v3 http://www.loc.gov/standards/mods/v3/mods-3-6.xsd">
    <identifier>
        10491
    </identifier>
    <originInfo>
        <dateCaptured>
            8/16/1999
        </dateCaptured>
        <dateModified>
            3/8/2002
        </dateModified>
    </originInfo>
    <subject>
        <temporal point = "start">
            2/27/1865
        </temporal>
        <temporal point = "end">
            2/27/1865
        </temporal>
    </subject>
    <note type = "poggenburg date">
        27 II 65
    </note>
    <note type = "journal content">
         Baudelaire fait un dessin à la plume de Jeanne Duval {1}.
    </note>
    <relatedItem type = "references">
        <note type = "internal reference code">
            DICO
        </note>
        <titleInfo>
            <title>
                Iconographie de Charles Baudelaire, recueillie et commentée par Claude Pichois et François Ruchon
            </title>
        </titleInfo>
        <name type = "personal">
            <namePart>
                Pichois, Claude
            </namePart>
            <role>
                <roleTerm type= "text">author</roleTerm>
            </role>
        </name>
        <name type = "personal">
            <namePart>
                Ruchon, François
            </namePart>
            <role>
                <roleTerm type= "text">author</roleTerm>
            </role>
        </name>
        <originInfo>
            <place>
                <placeTerm>Geneva</placeTerm>
            </place>
            <publisher>P. Cailler</publisher>
            <dateIssued>1960</dateIssued>
            <dateCaptured>
                3/7/2002
            </dateCaptured>
            <dateModified>
                3/8/2002
            </dateModified>
        </originInfo>
        <part>
            <extent unit = "pages">
                <start>
                    122
                </start>
                <end>
                    122
                </end>
            </extent>
        </part>
        <genre>
            Book
        </genre>
        <relatedItem type = "series">
            <titleInfo>
                <title>
                    Collection Visages d'Hommes Célèbres
                </title>
            </titleInfo>
        </relatedItem>
    </relatedItem>
</mods>